Date,Open,High,Close,Low
"2022-01-02 17:00:00",0.8394,0.8412,0.8402,0.8395
"2022-01-02 18:00:00",0.8401,0.8410,0.8410,0.8404
"2022-01-02 19:00:00",0.8410,0.8412,0.8405,0.8401
"2022-01-02 20:00:00",0.8405,0.8406,0.8402,0.8397
"2022-01-02 21:00:00",0.8402,0.8403,0.8399,0.8398
"2022-01-02 22:00:00",0.8399,0.8407,0.8406,0.8399
"2022-01-02 23:00:00",0.8405,0.8405,0.8401,0.8400
"2022-01-03 00:00:00",0.8401,0.8401,0.8399,0.8399
"2022-01-03 01:00:00",0.8399,0.8401,0.8398,0.8397
"2022-01-03 02:00:00",0.8399,0.8404,0.8402,0.8396
"2022-01-03 03:00:00",0.8402,0.8402,0.8390,0.8386
"2022-01-03 04:00:00",0.8390,0.8399,0.8397,0.8388
"2022-01-03 05:00:00",0.8397,0.8407,0.8404,0.8397
"2022-01-03 06:00:00",0.8404,0.8407,0.8404,0.8402
"2022-01-03 07:00:00",0.8405,0.8410,0.8409,0.8401
"2022-01-03 08:00:00",0.8410,0.8419,0.8416,0.8407
"2022-01-03 09:00:00",0.8416,0.8417,0.8398,0.8399
"2022-01-03 10:00:00",0.8399,0.8410,0.8397,0.8397
"2022-01-03 11:00:00",0.8397,0.8405,0.8382,0.8379
"2022-01-03 12:00:00",0.8382,0.8383,0.8376,0.8372
"2022-01-03 13:00:00",0.8376,0.8379,0.8378,0.8374
"2022-01-03 14:00:00",0.8379,0.8380,0.8377,0.8378
"2022-01-03 15:00:00",0.8378,0.8384,0.8380,0.8379
"2022-01-03 16:00:00",0.8380,0.8382,0.8378,0.8378
"2022-01-03 17:00:00",0.8378,0.8380,0.8377,0.8372
"2022-01-03 18:00:00",0.8378,0.8382,0.8380,0.8378
"2022-01-03 19:00:00",0.8382,0.8390,0.8388,0.8382
"2022-01-03 20:00:00",0.8388,0.8389,0.8387,0.8385
"2022-01-03 21:00:00",0.8387,0.8391,0.8387,0.8387
"2022-01-03 22:00:00",0.8388,0.8392,0.8391,0.8388
"2022-01-03 23:00:00",0.8391,0.8391,0.8389,0.8388
"2022-01-04 00:00:00",0.8389,0.8393,0.8392,0.8389
"2022-01-04 01:00:00",0.8393,0.8394,0.8387,0.8387
"2022-01-04 02:00:00",0.8388,0.8388,0.8370,0.8371
"2022-01-04 03:00:00",0.8371,0.8376,0.8367,0.8366
"2022-01-04 04:00:00",0.8367,0.8372,0.8364,0.8361
"2022-01-04 05:00:00",0.8365,0.8371,0.8364,0.8362
"2022-01-04 06:00:00",0.8366,0.8371,0.8355,0.8355
"2022-01-04 07:00:00",0.8355,0.8365,0.8361,0.8356
"2022-01-04 08:00:00",0.8361,0.8364,0.8346,0.8346
"2022-01-04 09:00:00",0.8346,0.8353,0.8347,0.8342
"2022-01-04 10:00:00",0.8348,0.8356,0.8344,0.8341
"2022-01-04 11:00:00",0.8344,0.8353,0.8339,0.8336
"2022-01-04 12:00:00",0.8340,0.8344,0.8343,0.8336
"2022-01-04 13:00:00",0.8343,0.8344,0.8341,0.8341
"2022-01-04 14:00:00",0.8342,0.8344,0.8339,0.8339
"2022-01-04 15:00:00",0.8339,0.8343,0.8340,0.8338
"2022-01-04 16:00:00",0.8341,0.8343,0.8339,0.8339
"2022-01-04 17:00:00",0.8338,0.8342,0.8338,0.8336
"2022-01-04 18:00:00",0.8338,0.8342,0.8339,0.8338
"2022-01-04 19:00:00",0.8339,0.8340,0.8335,0.8335
"2022-01-04 20:00:00",0.8335,0.8339,0.8335,0.8335
"2022-01-04 21:00:00",0.8335,0.8346,0.8345,0.8335
"2022-01-04 22:00:00",0.8345,0.8349,0.8346,0.8344
"2022-01-04 23:00:00",0.8347,0.8348,0.8346,0.8345
"2022-01-05 00:00:00",0.8346,0.8349,0.8348,0.8345
"2022-01-05 01:00:00",0.8348,0.8350,0.8346,0.8346
"2022-01-05 02:00:00",0.8346,0.8351,0.8347,0.8344
"2022-01-05 03:00:00",0.8347,0.8351,0.8342,0.8340
"2022-01-05 04:00:00",0.8344,0.8355,0.8353,0.8342
"2022-01-05 05:00:00",0.8355,0.8361,0.8353,0.8350
"2022-01-05 06:00:00",0.8356,0.8362,0.8357,0.8354
"2022-01-05 07:00:00",0.8358,0.8362,0.8350,0.8350
"2022-01-05 08:00:00",0.8350,0.8358,0.8357,0.8348
"2022-01-05 09:00:00",0.8357,0.8368,0.8366,0.8356
"2022-01-05 10:00:00",0.8367,0.8372,0.8356,0.8356
"2022-01-05 11:00:00",0.8357,0.8362,0.8349,0.8348
"2022-01-05 12:00:00",0.8351,0.8352,0.8346,0.8346
"2022-01-05 13:00:00",0.8346,0.8347,0.8343,0.8340
"2022-01-05 14:00:00",0.8344,0.8345,0.8340,0.8337
"2022-01-05 15:00:00",0.8341,0.8348,0.8347,0.8340
"2022-01-05 16:00:00",0.8347,0.8348,0.8341,0.8342
"2022-01-05 17:00:00",0.8342,0.8346,0.8345,0.8340
"2022-01-05 18:00:00",0.8345,0.8346,0.8344,0.8343
"2022-01-05 19:00:00",0.8344,0.8351,0.8346,0.8344
"2022-01-05 20:00:00",0.8347,0.8352,0.8350,0.8346
"2022-01-05 21:00:00",0.8350,0.8354,0.8352,0.8350
"2022-01-05 22:00:00",0.8352,0.8358,0.8357,0.8351
"2022-01-05 23:00:00",0.8357,0.8363,0.8362,0.8357
"2022-01-06 00:00:00",0.8362,0.8363,0.8358,0.8357
"2022-01-06 01:00:00",0.8358,0.8360,0.8358,0.8353
"2022-01-06 02:00:00",0.8359,0.8363,0.8362,0.8352
"2022-01-06 03:00:00",0.8363,0.8372,0.8361,0.8360
"2022-01-06 04:00:00",0.8365,0.8369,0.8365,0.8362
"2022-01-06 05:00:00",0.8366,0.8371,0.8360,0.8357
"2022-01-06 06:00:00",0.8361,0.8365,0.8357,0.8353
"2022-01-06 07:00:00",0.8357,0.8359,0.8355,0.8351
"2022-01-06 08:00:00",0.8355,0.8364,0.8357,0.8354
"2022-01-06 09:00:00",0.8357,0.8368,0.8363,0.8354
"2022-01-06 10:00:00",0.8365,0.8369,0.8349,0.8350
"2022-01-06 11:00:00",0.8350,0.8354,0.8351,0.8347
"2022-01-06 12:00:00",0.8351,0.8354,0.8347,0.8347
"2022-01-06 13:00:00",0.8348,0.8349,0.8347,0.8345
"2022-01-06 14:00:00",0.8347,0.8349,0.8345,0.8345
"2022-01-06 15:00:00",0.8345,0.8347,0.8345,0.8342
"2022-01-06 16:00:00",0.8345,0.8347,0.8344,0.8341
"2022-01-06 17:00:00",0.8344,0.8345,0.8344,0.8343
"2022-01-06 18:00:00",0.8344,0.8347,0.8345,0.8345
"2022-01-06 19:00:00",0.8346,0.8346,0.8343,0.8343
"2022-01-06 20:00:00",0.8344,0.8345,0.8337,0.8337
"2022-01-06 21:00:00",0.8338,0.8341,0.8339,0.8338
"2022-01-06 22:00:00",0.8339,0.8340,0.8339,0.8338
"2022-01-06 23:00:00",0.8339,0.8344,0.8342,0.8339
"2022-01-07 00:00:00",0.8342,0.8345,0.8343,0.8342
"2022-01-07 01:00:00",0.8344,0.8347,0.8343,0.8342
"2022-01-07 02:00:00",0.8343,0.8353,0.8349,0.8344
"2022-01-07 03:00:00",0.8350,0.8356,0.8348,0.8347
"2022-01-07 04:00:00",0.8349,0.8354,0.8347,0.8346
"2022-01-07 05:00:00",0.8347,0.8352,0.8347,0.8347
"2022-01-07 06:00:00",0.8347,0.8348,0.8341,0.8340
"2022-01-07 07:00:00",0.8342,0.8348,0.8340,0.8340
"2022-01-07 08:00:00",0.8342,0.8351,0.8347,0.8340
"2022-01-07 09:00:00",0.8347,0.8356,0.8352,0.8347
"2022-01-07 10:00:00",0.8353,0.8365,0.8359,0.8354
"2022-01-07 11:00:00",0.8360,0.8365,0.8361,0.8356
"2022-01-07 12:00:00",0.8361,0.8365,0.8362,0.8361
"2022-01-07 13:00:00",0.8363,0.8364,0.8359,0.8359
"2022-01-07 14:00:00",0.8359,0.8361,0.8357,0.8356
"2022-01-07 15:00:00",0.8357,0.8358,0.8356,0.8354
"2022-01-07 16:00:00",0.8356,0.8358,0.8353,0.8353
"2022-01-09 17:00:00",0.8353,0.8359,0.8355,0.8352
"2022-01-09 18:00:00",0.8356,0.8360,0.8353,0.8353
"2022-01-09 19:00:00",0.8353,0.8354,0.8352,0.8352
"2022-01-09 20:00:00",0.8352,0.8355,0.8349,0.8349
"2022-01-09 21:00:00",0.8349,0.8349,0.8346,0.8345
"2022-01-09 22:00:00",0.8346,0.8346,0.8346,0.8344
"2022-01-09 23:00:00",0.8346,0.8346,0.8343,0.8342
"2022-01-10 00:00:00",0.8344,0.8345,0.8343,0.8342
"2022-01-10 01:00:00",0.8343,0.8343,0.8343,0.8341
"2022-01-10 02:00:00",0.8343,0.8343,0.8337,0.8337
"2022-01-10 03:00:00",0.8338,0.8343,0.8339,0.8335
"2022-01-10 04:00:00",0.8340,0.8343,0.8338,0.8335
"2022-01-10 05:00:00",0.8339,0.8341,0.8337,0.8334
"2022-01-10 06:00:00",0.8337,0.8343,0.8337,0.8334
"2022-01-10 07:00:00",0.8338,0.8342,0.8339,0.8336
"2022-01-10 08:00:00",0.8339,0.8342,0.8334,0.8333
"2022-01-10 09:00:00",0.8335,0.8344,0.8342,0.8334
"2022-01-10 10:00:00",0.8344,0.8355,0.8346,0.8344
"2022-01-10 11:00:00",0.8346,0.8351,0.8348,0.8346
"2022-01-10 12:00:00",0.8350,0.8357,0.8352,0.8349
"2022-01-10 13:00:00",0.8352,0.8354,0.8344,0.8342
"2022-01-10 14:00:00",0.8344,0.8348,0.8344,0.8344
"2022-01-10 15:00:00",0.8343,0.8346,0.8341,0.8341
"2022-01-10 16:00:00",0.8341,0.8344,0.8339,0.8339
"2022-01-10 17:00:00",0.8339,0.8344,0.8340,0.8338
"2022-01-10 18:00:00",0.8340,0.8345,0.8343,0.8341
"2022-01-10 19:00:00",0.8343,0.8344,0.8342,0.8342
"2022-01-10 20:00:00",0.8342,0.8349,0.8347,0.8341
"2022-01-10 21:00:00",0.8348,0.8348,0.8344,0.8343
"2022-01-10 22:00:00",0.8344,0.8344,0.8343,0.8341
"2022-01-10 23:00:00",0.8343,0.8344,0.8343,0.8342
"2022-01-11 00:00:00",0.8343,0.8343,0.8339,0.8339
"2022-01-11 01:00:00",0.8339,0.8346,0.8343,0.8340
"2022-01-11 02:00:00",0.8345,0.8347,0.8340,0.8337
"2022-01-11 03:00:00",0.8340,0.8342,0.8337,0.8332
"2022-01-11 04:00:00",0.8338,0.8339,0.8326,0.8325
"2022-01-11 05:00:00",0.8327,0.8333,0.8328,0.8325
"2022-01-11 06:00:00",0.8328,0.8347,0.8346,0.8329
"2022-01-11 07:00:00",0.8346,0.8349,0.8346,0.8339
"2022-01-11 08:00:00",0.8346,0.8349,0.8344,0.8344
"2022-01-11 09:00:00",0.8344,0.8346,0.8342,0.8340
"2022-01-11 10:00:00",0.8342,0.8344,0.8335,0.8335
"2022-01-11 11:00:00",0.8335,0.8346,0.8341,0.8334
"2022-01-11 12:00:00",0.8341,0.8343,0.8337,0.8337
"2022-01-11 13:00:00",0.8338,0.8344,0.8343,0.8337
"2022-01-11 14:00:00",0.8343,0.8347,0.8341,0.8341
"2022-01-11 15:00:00",0.8341,0.8342,0.8338,0.8338
"2022-01-11 16:00:00",0.8338,0.8340,0.8333,0.8333
"2022-01-11 17:00:00",0.8333,0.8341,0.8336,0.8334
"2022-01-11 18:00:00",0.8336,0.8340,0.8337,0.8336
"2022-01-11 19:00:00",0.8337,0.8339,0.8337,0.8336
"2022-01-11 20:00:00",0.8337,0.8340,0.8339,0.8337
"2022-01-11 21:00:00",0.8339,0.8340,0.8335,0.8335
"2022-01-11 22:00:00",0.8335,0.8337,0.8336,0.8334
"2022-01-11 23:00:00",0.8336,0.8339,0.8339,0.8336
"2022-01-12 00:00:00",0.8339,0.8340,0.8337,0.8336
"2022-01-12 01:00:00",0.8337,0.8338,0.8335,0.8335
"2022-01-12 02:00:00",0.8335,0.8337,0.8332,0.8332
"2022-01-12 03:00:00",0.8333,0.8341,0.8340,0.8330
"2022-01-12 04:00:00",0.8340,0.8342,0.8340,0.8337
"2022-01-12 05:00:00",0.8341,0.8342,0.8334,0.8334
"2022-01-12 06:00:00",0.8334,0.8336,0.8332,0.8332
"2022-01-12 07:00:00",0.8333,0.8334,0.8331,0.8329
"2022-01-12 08:00:00",0.8333,0.8343,0.8342,0.8329
"2022-01-12 09:00:00",0.8342,0.8343,0.8339,0.8336
"2022-01-12 10:00:00",0.8341,0.8347,0.8341,0.8337
"2022-01-12 11:00:00",0.8344,0.8347,0.8344,0.8341
"2022-01-12 12:00:00",0.8344,0.8352,0.8348,0.8344
"2022-01-12 13:00:00",0.8348,0.8350,0.8347,0.8346
"2022-01-12 14:00:00",0.8348,0.8355,0.8349,0.8348
"2022-01-12 15:00:00",0.8350,0.8352,0.8350,0.8348
"2022-01-12 16:00:00",0.8351,0.8351,0.8346,0.8347
"2022-01-12 17:00:00",0.8345,0.8349,0.8346,0.8344
"2022-01-12 18:00:00",0.8346,0.8348,0.8346,0.8346
"2022-01-12 19:00:00",0.8346,0.8349,0.8346,0.8346
"2022-01-12 20:00:00",0.8346,0.8348,0.8344,0.8343
"2022-01-12 21:00:00",0.8345,0.8345,0.8341,0.8341
"2022-01-12 22:00:00",0.8342,0.8345,0.8345,0.8340
"2022-01-12 23:00:00",0.8345,0.8346,0.8343,0.8343
"2022-01-13 00:00:00",0.8343,0.8345,0.8344,0.8343
"2022-01-13 01:00:00",0.8345,0.8348,0.8342,0.8342
"2022-01-13 02:00:00",0.8342,0.8352,0.8348,0.8341
"2022-01-13 03:00:00",0.8349,0.8354,0.8347,0.8344
"2022-01-13 04:00:00",0.8348,0.8354,0.8350,0.8345
"2022-01-13 05:00:00",0.8350,0.8352,0.8339,0.8339
"2022-01-13 06:00:00",0.8338,0.8350,0.8348,0.8336
"2022-01-13 07:00:00",0.8349,0.8355,0.8353,0.8345
"2022-01-13 08:00:00",0.8355,0.8359,0.8348,0.8347
"2022-01-13 09:00:00",0.8350,0.8354,0.8347,0.8347
"2022-01-13 10:00:00",0.8347,0.8350,0.8344,0.8338
"2022-01-13 11:00:00",0.8344,0.8355,0.8353,0.8343
"2022-01-13 12:00:00",0.8353,0.8359,0.8357,0.8353
"2022-01-13 13:00:00",0.8358,0.8360,0.8354,0.8353
"2022-01-13 14:00:00",0.8354,0.8357,0.8353,0.8353
"2022-01-13 15:00:00",0.8353,0.8358,0.8357,0.8354
"2022-01-13 16:00:00",0.8357,0.8357,0.8355,0.8355
"2022-01-13 17:00:00",0.8354,0.8355,0.8353,0.8349
"2022-01-13 18:00:00",0.8353,0.8356,0.8354,0.8353
"2022-01-13 19:00:00",0.8354,0.8357,0.8355,0.8354
"2022-01-13 20:00:00",0.8356,0.8362,0.8361,0.8356
"2022-01-13 21:00:00",0.8361,0.8362,0.8357,0.8355
"2022-01-13 22:00:00",0.8358,0.8359,0.8358,0.8356
"2022-01-13 23:00:00",0.8358,0.8359,0.8358,0.8357
"2022-01-14 00:00:00",0.8358,0.8360,0.8358,0.8357
"2022-01-14 01:00:00",0.8358,0.8359,0.8353,0.8354
"2022-01-14 02:00:00",0.8354,0.8358,0.8353,0.8353
"2022-01-14 03:00:00",0.8353,0.8354,0.8349,0.8347
"2022-01-14 04:00:00",0.8350,0.8350,0.8342,0.8342
"2022-01-14 05:00:00",0.8342,0.8349,0.8343,0.8342
"2022-01-14 06:00:00",0.8344,0.8347,0.8346,0.8342
"2022-01-14 07:00:00",0.8347,0.8354,0.8347,0.8344
"2022-01-14 08:00:00",0.8347,0.8352,0.8348,0.8345
"2022-01-14 09:00:00",0.8348,0.8358,0.8355,0.8349
"2022-01-14 10:00:00",0.8356,0.8357,0.8354,0.8350
"2022-01-14 11:00:00",0.8355,0.8357,0.8348,0.8347
"2022-01-14 12:00:00",0.8350,0.8352,0.8349,0.8346
"2022-01-14 13:00:00",0.8349,0.8351,0.8346,0.8345
"2022-01-14 14:00:00",0.8346,0.8347,0.8344,0.8343
"2022-01-14 15:00:00",0.8346,0.8347,0.8344,0.8342
"2022-01-14 16:00:00",0.8344,0.8345,0.8341,0.8341
"2022-01-16 17:00:00",0.8342,0.8349,0.8345,0.8341
"2022-01-16 18:00:00",0.8344,0.8347,0.8345,0.8344
"2022-01-16 19:00:00",0.8345,0.8345,0.8344,0.8342
"2022-01-16 20:00:00",0.8344,0.8345,0.8344,0.8342
"2022-01-16 21:00:00",0.8344,0.8348,0.8347,0.8343
"2022-01-16 22:00:00",0.8348,0.8348,0.8347,0.8346
"2022-01-16 23:00:00",0.8347,0.8348,0.8348,0.8346
"2022-01-17 00:00:00",0.8348,0.8351,0.8351,0.8347
"2022-01-17 01:00:00",0.8351,0.8351,0.8347,0.8346
"2022-01-17 02:00:00",0.8347,0.8352,0.8348,0.8348
"2022-01-17 03:00:00",0.8349,0.8355,0.8354,0.8347
"2022-01-17 04:00:00",0.8355,0.8360,0.8351,0.8348
"2022-01-17 05:00:00",0.8350,0.8352,0.8346,0.8344
"2022-01-17 06:00:00",0.8348,0.8358,0.8354,0.8347
"2022-01-17 07:00:00",0.8355,0.8362,0.8353,0.8353
"2022-01-17 08:00:00",0.8354,0.8359,0.8351,0.8349
"2022-01-17 09:00:00",0.8351,0.8356,0.8353,0.8349
"2022-01-17 10:00:00",0.8353,0.8356,0.8353,0.8351
"2022-01-17 11:00:00",0.8355,0.8358,0.8356,0.8353
"2022-01-17 12:00:00",0.8357,0.8360,0.8359,0.8356
"2022-01-17 13:00:00",0.8359,0.8362,0.8359,0.8359
"2022-01-17 14:00:00",0.8359,0.8360,0.8358,0.8357
"2022-01-17 15:00:00",0.8358,0.8362,0.8359,0.8358
"2022-01-17 16:00:00",0.8360,0.8361,0.8356,0.8356
"2022-01-17 17:00:00",0.8356,0.8359,0.8357,0.8356
"2022-01-17 18:00:00",0.8358,0.8361,0.8360,0.8358
"2022-01-17 19:00:00",0.8360,0.8362,0.8360,0.8357
"2022-01-17 20:00:00",0.8360,0.8363,0.8359,0.8358
"2022-01-17 21:00:00",0.8359,0.8362,0.8361,0.8359
"2022-01-17 22:00:00",0.8361,0.8363,0.8358,0.8358
"2022-01-17 23:00:00",0.8359,0.8361,0.8359,0.8358
"2022-01-18 00:00:00",0.8359,0.8359,0.8358,0.8356
"2022-01-18 01:00:00",0.8359,0.8359,0.8357,0.8356
"2022-01-18 02:00:00",0.8358,0.8359,0.8351,0.8352
"2022-01-18 03:00:00",0.8353,0.8358,0.8351,0.8350
"2022-01-18 04:00:00",0.8351,0.8363,0.8361,0.8351
"2022-01-18 05:00:00",0.8362,0.8369,0.8367,0.8362
"2022-01-18 06:00:00",0.8367,0.8371,0.8370,0.8360
"2022-01-18 07:00:00",0.8370,0.8378,0.8373,0.8370
"2022-01-18 08:00:00",0.8375,0.8379,0.8365,0.8365
"2022-01-18 09:00:00",0.8366,0.8371,0.8363,0.8360
"2022-01-18 10:00:00",0.8364,0.8366,0.8351,0.8351
"2022-01-18 11:00:00",0.8352,0.8352,0.8342,0.8342
"2022-01-18 12:00:00",0.8342,0.8345,0.8339,0.8339
"2022-01-18 13:00:00",0.8339,0.8340,0.8337,0.8336
"2022-01-18 14:00:00",0.8337,0.8338,0.8330,0.8330
"2022-01-18 15:00:00",0.8330,0.8334,0.8326,0.8327
"2022-01-18 16:00:00",0.8327,0.8331,0.8329,0.8329
"2022-01-18 17:00:00",0.8329,0.8330,0.8328,0.8326
"2022-01-18 18:00:00",0.8328,0.8331,0.8330,0.8328
"2022-01-18 19:00:00",0.8330,0.8334,0.8331,0.8328
"2022-01-18 20:00:00",0.8333,0.8333,0.8324,0.8324
"2022-01-18 21:00:00",0.8324,0.8327,0.8326,0.8323
"2022-01-18 22:00:00",0.8326,0.8332,0.8329,0.8325
"2022-01-18 23:00:00",0.8330,0.8330,0.8327,0.8325
"2022-01-19 00:00:00",0.8328,0.8329,0.8325,0.8325
"2022-01-19 01:00:00",0.8326,0.8333,0.8330,0.8324
"2022-01-19 02:00:00",0.8331,0.8341,0.8337,0.8323
"2022-01-19 03:00:00",0.8337,0.8339,0.8336,0.8334
"2022-01-19 04:00:00",0.8337,0.8339,0.8329,0.8327
"2022-01-19 05:00:00",0.8329,0.8332,0.8323,0.8324
"2022-01-19 06:00:00",0.8324,0.8326,0.8318,0.8314
"2022-01-19 07:00:00",0.8318,0.8323,0.8318,0.8314
"2022-01-19 08:00:00",0.8319,0.8327,0.8322,0.8314
"2022-01-19 09:00:00",0.8323,0.8325,0.8313,0.8313
"2022-01-19 10:00:00",0.8314,0.8324,0.8323,0.8315
"2022-01-19 11:00:00",0.8324,0.8331,0.8327,0.8323
"2022-01-19 12:00:00",0.8327,0.8328,0.8325,0.8322
"2022-01-19 13:00:00",0.8325,0.8327,0.8326,0.8323
"2022-01-19 14:00:00",0.8327,0.8332,0.8330,0.8327
"2022-01-19 15:00:00",0.8330,0.8334,0.8330,0.8330
"2022-01-19 16:00:00",0.8331,0.8334,0.8330,0.8330
"2022-01-19 17:00:00",0.8330,0.8335,0.8330,0.8330
"2022-01-19 18:00:00",0.8330,0.8335,0.8334,0.8332
"2022-01-19 19:00:00",0.8334,0.8335,0.8331,0.8331
"2022-01-19 20:00:00",0.8331,0.8337,0.8335,0.8330
"2022-01-19 21:00:00",0.8335,0.8336,0.8332,0.8332
"2022-01-19 22:00:00",0.8332,0.8334,0.8330,0.8329
"2022-01-19 23:00:00",0.8331,0.8331,0.8330,0.8329
"2022-01-20 00:00:00",0.8331,0.8332,0.8330,0.8329
"2022-01-20 01:00:00",0.8330,0.8331,0.8328,0.8328
"2022-01-20 02:00:00",0.8328,0.8339,0.8335,0.8328
"2022-01-20 03:00:00",0.8336,0.8337,0.8330,0.8329
"2022-01-20 04:00:00",0.8330,0.8332,0.8326,0.8322
"2022-01-20 05:00:00",0.8327,0.8332,0.8331,0.8327
"2022-01-20 06:00:00",0.8331,0.8334,0.8333,0.8324
"2022-01-20 07:00:00",0.8333,0.8338,0.8328,0.8327
"2022-01-20 08:00:00",0.8329,0.8334,0.8325,0.8326
"2022-01-20 09:00:00",0.8326,0.8327,0.8310,0.8311
"2022-01-20 10:00:00",0.8311,0.8315,0.8309,0.8305
"2022-01-20 11:00:00",0.8310,0.8312,0.8308,0.8306
"2022-01-20 12:00:00",0.8309,0.8313,0.8312,0.8307
"2022-01-20 13:00:00",0.8312,0.8315,0.8307,0.8306
"2022-01-20 14:00:00",0.8308,0.8310,0.8308,0.8306
"2022-01-20 15:00:00",0.8309,0.8319,0.8318,0.8310
"2022-01-20 16:00:00",0.8318,0.8318,0.8316,0.8316
"2022-01-20 17:00:00",0.8315,0.8319,0.8318,0.8314
"2022-01-20 18:00:00",0.8318,0.8322,0.8320,0.8316
"2022-01-20 19:00:00",0.8320,0.8323,0.8318,0.8318
"2022-01-20 20:00:00",0.8320,0.8326,0.8324,0.8319
"2022-01-20 21:00:00",0.8324,0.8333,0.8332,0.8323
"2022-01-20 22:00:00",0.8333,0.8333,0.8330,0.8330
"2022-01-20 23:00:00",0.8330,0.8332,0.8330,0.8329
"2022-01-21 00:00:00",0.8330,0.8332,0.8332,0.8330
"2022-01-21 01:00:00",0.8332,0.8338,0.8335,0.8333
"2022-01-21 02:00:00",0.8336,0.8346,0.8343,0.8336
"2022-01-21 03:00:00",0.8344,0.8362,0.8353,0.8349
"2022-01-21 04:00:00",0.8354,0.8360,0.8356,0.8353
"2022-01-21 05:00:00",0.8357,0.8359,0.8356,0.8352
"2022-01-21 06:00:00",0.8357,0.8360,0.8355,0.8353
"2022-01-21 07:00:00",0.8356,0.8361,0.8354,0.8355
"2022-01-21 08:00:00",0.8355,0.8367,0.8362,0.8354
"2022-01-21 09:00:00",0.8362,0.8375,0.8365,0.8362
"2022-01-21 10:00:00",0.8365,0.8376,0.8370,0.8365
"2022-01-21 11:00:00",0.8370,0.8374,0.8365,0.8365
"2022-01-21 12:00:00",0.8366,0.8371,0.8368,0.8364
"2022-01-21 13:00:00",0.8368,0.8369,0.8363,0.8363
"2022-01-21 14:00:00",0.8363,0.8368,0.8366,0.8362
"2022-01-21 15:00:00",0.8367,0.8371,0.8367,0.8366
"2022-01-21 16:00:00",0.8367,0.8370,0.8365,0.8365
"2022-01-23 17:00:00",0.8364,0.8368,0.8362,0.8362
"2022-01-23 18:00:00",0.8362,0.8369,0.8366,0.8366
"2022-01-23 19:00:00",0.8366,0.8366,0.8365,0.8363
"2022-01-23 20:00:00",0.8365,0.8366,0.8360,0.8359
"2022-01-23 21:00:00",0.8360,0.8360,0.8358,0.8356
"2022-01-23 22:00:00",0.8358,0.8359,0.8357,0.8356
"2022-01-23 23:00:00",0.8357,0.8358,0.8357,0.8356
"2022-01-24 00:00:00",0.8357,0.8361,0.8354,0.8355
"2022-01-24 01:00:00",0.8355,0.8360,0.8357,0.8356
"2022-01-24 02:00:00",0.8358,0.8367,0.8360,0.8360
"2022-01-24 03:00:00",0.8361,0.8364,0.8362,0.8352
"2022-01-24 04:00:00",0.8363,0.8376,0.8372,0.8363
"2022-01-24 05:00:00",0.8373,0.8389,0.8383,0.8372
"2022-01-24 06:00:00",0.8385,0.8386,0.8380,0.8378
"2022-01-24 07:00:00",0.8381,0.8384,0.8379,0.8378
"2022-01-24 08:00:00",0.8379,0.8388,0.8383,0.8378
"2022-01-24 09:00:00",0.8383,0.8387,0.8384,0.8378
"2022-01-24 10:00:00",0.8384,0.8403,0.8398,0.8385
"2022-01-24 11:00:00",0.8399,0.8414,0.8410,0.8399
"2022-01-24 12:00:00",0.8411,0.8422,0.8418,0.8410
"2022-01-24 13:00:00",0.8419,0.8419,0.8406,0.8406
"2022-01-24 14:00:00",0.8406,0.8411,0.8395,0.8396
"2022-01-24 15:00:00",0.8396,0.8397,0.8393,0.8392
"2022-01-24 16:00:00",0.8393,0.8396,0.8393,0.8393
"2022-01-24 17:00:00",0.8392,0.8395,0.8394,0.8390
"2022-01-24 18:00:00",0.8395,0.8397,0.8395,0.8394
"2022-01-24 19:00:00",0.8395,0.8399,0.8398,0.8393
"2022-01-24 20:00:00",0.8398,0.8401,0.8393,0.8393
"2022-01-24 21:00:00",0.8393,0.8397,0.8395,0.8393
"2022-01-24 22:00:00",0.8395,0.8398,0.8394,0.8394
"2022-01-24 23:00:00",0.8394,0.8397,0.8395,0.8394
"2022-01-25 00:00:00",0.8395,0.8397,0.8392,0.8391
"2022-01-25 01:00:00",0.8392,0.8392,0.8385,0.8385
"2022-01-25 02:00:00",0.8386,0.8396,0.8382,0.8382
"2022-01-25 03:00:00",0.8382,0.8392,0.8378,0.8378
"2022-01-25 04:00:00",0.8378,0.8381,0.8370,0.8367
"2022-01-25 05:00:00",0.8372,0.8382,0.8374,0.8372
"2022-01-25 06:00:00",0.8374,0.8383,0.8381,0.8372
"2022-01-25 07:00:00",0.8382,0.8387,0.8373,0.8374
"2022-01-25 08:00:00",0.8374,0.8377,0.8372,0.8369
"2022-01-25 09:00:00",0.8372,0.8375,0.8370,0.8362
"2022-01-25 10:00:00",0.8370,0.8375,0.8360,0.8359
"2022-01-25 11:00:00",0.8361,0.8366,0.8361,0.8358
"2022-01-25 12:00:00",0.8362,0.8366,0.8362,0.8360
"2022-01-25 13:00:00",0.8363,0.8365,0.8363,0.8360
"2022-01-25 14:00:00",0.8364,0.8366,0.8361,0.8358
"2022-01-25 15:00:00",0.8362,0.8369,0.8368,0.8361
"2022-01-25 16:00:00",0.8368,0.8370,0.8365,0.8365
"2022-01-25 17:00:00",0.8365,0.8370,0.8368,0.8365
"2022-01-25 18:00:00",0.8368,0.8369,0.8366,0.8366
"2022-01-25 19:00:00",0.8366,0.8368,0.8366,0.8365
"2022-01-25 20:00:00",0.8366,0.8368,0.8365,0.8365
"2022-01-25 21:00:00",0.8366,0.8370,0.8369,0.8362
"2022-01-25 22:00:00",0.8369,0.8370,0.8368,0.8367
"2022-01-25 23:00:00",0.8369,0.8369,0.8365,0.8364
"2022-01-26 00:00:00",0.8365,0.8370,0.8367,0.8365
"2022-01-26 01:00:00",0.8368,0.8368,0.8362,0.8363
"2022-01-26 02:00:00",0.8363,0.8367,0.8362,0.8361
"2022-01-26 03:00:00",0.8362,0.8364,0.8361,0.8356
"2022-01-26 04:00:00",0.8363,0.8366,0.8354,0.8355
"2022-01-26 05:00:00",0.8354,0.8360,0.8348,0.8346
"2022-01-26 06:00:00",0.8348,0.8348,0.8345,0.8342
"2022-01-26 07:00:00",0.8347,0.8350,0.8343,0.8343
"2022-01-26 08:00:00",0.8343,0.8352,0.8349,0.8343
"2022-01-26 09:00:00",0.8352,0.8368,0.8355,0.8353
"2022-01-26 10:00:00",0.8355,0.8364,0.8349,0.8350
"2022-01-26 11:00:00",0.8349,0.8352,0.8344,0.8344
"2022-01-26 12:00:00",0.8344,0.8349,0.8347,0.8345
"2022-01-26 13:00:00",0.8347,0.8359,0.8355,0.8349
"2022-01-26 14:00:00",0.8355,0.8361,0.8356,0.8351
"2022-01-26 15:00:00",0.8357,0.8361,0.8349,0.8350
"2022-01-26 16:00:00",0.8349,0.8353,0.8347,0.8347
"2022-01-26 17:00:00",0.8349,0.8350,0.8348,0.8345
"2022-01-26 18:00:00",0.8348,0.8350,0.8346,0.8345
"2022-01-26 19:00:00",0.8346,0.8351,0.8351,0.8347
"2022-01-26 20:00:00",0.8351,0.8354,0.8351,0.8349
"2022-01-26 21:00:00",0.8351,0.8354,0.8351,0.8350
"2022-01-26 22:00:00",0.8352,0.8353,0.8350,0.8350
"2022-01-26 23:00:00",0.8351,0.8355,0.8353,0.8351
"2022-01-27 00:00:00",0.8353,0.8353,0.8352,0.8349
"2022-01-27 01:00:00",0.8352,0.8357,0.8354,0.8350
"2022-01-27 02:00:00",0.8355,0.8355,0.8347,0.8348
"2022-01-27 03:00:00",0.8348,0.8352,0.8338,0.8337
"2022-01-27 04:00:00",0.8339,0.8346,0.8339,0.8338
"2022-01-27 05:00:00",0.8339,0.8346,0.8344,0.8336
"2022-01-27 06:00:00",0.8345,0.8350,0.8335,0.8333
"2022-01-27 07:00:00",0.8335,0.8339,0.8330,0.8331
"2022-01-27 08:00:00",0.8332,0.8344,0.8332,0.8329
"2022-01-27 09:00:00",0.8333,0.8339,0.8327,0.8325
"2022-01-27 10:00:00",0.8328,0.8332,0.8323,0.8323
"2022-01-27 11:00:00",0.8326,0.8328,0.8323,0.8321
"2022-01-27 12:00:00",0.8324,0.8332,0.8328,0.8324
"2022-01-27 13:00:00",0.8330,0.8333,0.8326,0.8326
"2022-01-27 14:00:00",0.8327,0.8331,0.8329,0.8324
"2022-01-27 15:00:00",0.8330,0.8331,0.8327,0.8326
"2022-01-27 16:00:00",0.8327,0.8329,0.8323,0.8324
"2022-01-27 17:00:00",0.8324,0.8328,0.8326,0.8324
"2022-01-27 18:00:00",0.8326,0.8328,0.8324,0.8323
"2022-01-27 19:00:00",0.8324,0.8327,0.8321,0.8322
"2022-01-27 20:00:00",0.8322,0.8325,0.8322,0.8321
"2022-01-27 21:00:00",0.8322,0.8324,0.8321,0.8321
"2022-01-27 22:00:00",0.8321,0.8323,0.8323,0.8322
"2022-01-27 23:00:00",0.8323,0.8323,0.8318,0.8317
"2022-01-28 00:00:00",0.8318,0.8319,0.8315,0.8314
"2022-01-28 01:00:00",0.8316,0.8318,0.8316,0.8314
"2022-01-28 02:00:00",0.8316,0.8318,0.8317,0.8312
"2022-01-28 03:00:00",0.8317,0.8327,0.8326,0.8315
"2022-01-28 04:00:00",0.8326,0.8330,0.8318,0.8319
"2022-01-28 05:00:00",0.8319,0.8327,0.8313,0.8313
"2022-01-28 06:00:00",0.8314,0.8317,0.8315,0.8312
"2022-01-28 07:00:00",0.8315,0.8327,0.8317,0.8315
"2022-01-28 08:00:00",0.8318,0.8321,0.8316,0.8313
"2022-01-28 09:00:00",0.8318,0.8322,0.8313,0.8306
"2022-01-28 10:00:00",0.8314,0.8326,0.8322,0.8311
"2022-01-28 11:00:00",0.8322,0.8325,0.8316,0.8314
"2022-01-28 12:00:00",0.8318,0.8330,0.8327,0.8317
"2022-01-28 13:00:00",0.8329,0.8334,0.8333,0.8327
"2022-01-28 14:00:00",0.8334,0.8334,0.8326,0.8326
"2022-01-28 15:00:00",0.8326,0.8326,0.8322,0.8321
"2022-01-28 16:00:00",0.8323,0.8324,0.8317,0.8317
"2022-01-30 17:00:00",0.8316,0.8321,0.8317,0.8315
"2022-01-30 18:00:00",0.8317,0.8322,0.8320,0.8317
"2022-01-30 19:00:00",0.8321,0.8323,0.8315,0.8316
"2022-01-30 20:00:00",0.8316,0.8318,0.8318,0.8313
"2022-01-30 21:00:00",0.8318,0.8321,0.8320,0.8317
"2022-01-30 22:00:00",0.8320,0.8323,0.8322,0.8320
"2022-01-30 23:00:00",0.8322,0.8323,0.8320,0.8320
"2022-01-31 00:00:00",0.8320,0.8322,0.8320,0.8319
"2022-01-31 01:00:00",0.8321,0.8321,0.8316,0.8316
"2022-01-31 02:00:00",0.8317,0.8320,0.8312,0.8311
"2022-01-31 03:00:00",0.8315,0.8318,0.8314,0.8312
"2022-01-31 04:00:00",0.8315,0.8317,0.8311,0.8310
"2022-01-31 05:00:00",0.8311,0.8316,0.8309,0.8308
"2022-01-31 06:00:00",0.8309,0.8325,0.8324,0.8305
"2022-01-31 07:00:00",0.8325,0.8331,0.8313,0.8311
"2022-01-31 08:00:00",0.8313,0.8329,0.8326,0.8311
"2022-01-31 09:00:00",0.8327,0.8334,0.8332,0.8327
"2022-01-31 10:00:00",0.8333,0.8357,0.8354,0.8325
"2022-01-31 11:00:00",0.8354,0.8358,0.8342,0.8342
"2022-01-31 12:00:00",0.8342,0.8352,0.8349,0.8342
"2022-01-31 13:00:00",0.8349,0.8354,0.8351,0.8349
"2022-01-31 14:00:00",0.8352,0.8357,0.8353,0.8350
"2022-01-31 15:00:00",0.8354,0.8358,0.8352,0.8350
"2022-01-31 16:00:00",0.8353,0.8355,0.8349,0.8350
"2022-01-31 17:00:00",0.8350,0.8354,0.8352,0.8349
"2022-01-31 18:00:00",0.8352,0.8354,0.8351,0.8351
"2022-01-31 19:00:00",0.8351,0.8355,0.8353,0.8350
"2022-01-31 20:00:00",0.8353,0.8354,0.8353,0.8351
"2022-01-31 21:00:00",0.8353,0.8355,0.8354,0.8352
"2022-01-31 22:00:00",0.8354,0.8358,0.8357,0.8353
"2022-01-31 23:00:00",0.8357,0.8359,0.8357,0.8357
"2022-02-01 00:00:00",0.8357,0.8358,0.8355,0.8354
"2022-02-01 01:00:00",0.8355,0.8358,0.8356,0.8354
"2022-02-01 02:00:00",0.8357,0.8360,0.8358,0.8345
"2022-02-01 03:00:00",0.8358,0.8359,0.8349,0.8349
"2022-02-01 04:00:00",0.8350,0.8352,0.8342,0.8342
"2022-02-01 05:00:00",0.8342,0.8345,0.8343,0.8338
"2022-02-01 06:00:00",0.8343,0.8354,0.8352,0.8340
"2022-02-01 07:00:00",0.8354,0.8354,0.8352,0.8348
"2022-02-01 08:00:00",0.8353,0.8354,0.8347,0.8346
"2022-02-01 09:00:00",0.8347,0.8351,0.8344,0.8341
"2022-02-01 10:00:00",0.8344,0.8344,0.8327,0.8327
"2022-02-01 11:00:00",0.8328,0.8330,0.8321,0.8320
"2022-02-01 12:00:00",0.8322,0.8327,0.8325,0.8318
"2022-02-01 13:00:00",0.8325,0.8327,0.8323,0.8322
"2022-02-01 14:00:00",0.8323,0.8327,0.8324,0.8320
"2022-02-01 15:00:00",0.8324,0.8334,0.8332,0.8323
"2022-02-01 16:00:00",0.8333,0.8335,0.8332,0.8329
"2022-02-01 17:00:00",0.8332,0.8335,0.8332,0.8331
"2022-02-01 18:00:00",0.8332,0.8335,0.8335,0.8332
"2022-02-01 19:00:00",0.8335,0.8336,0.8333,0.8333
"2022-02-01 20:00:00",0.8333,0.8337,0.8336,0.8333
"2022-02-01 21:00:00",0.8336,0.8340,0.8340,0.8336
"2022-02-01 22:00:00",0.8340,0.8340,0.8337,0.8337
"2022-02-01 23:00:00",0.8338,0.8339,0.8338,0.8337
"2022-02-02 00:00:00",0.8339,0.8340,0.8337,0.8336
"2022-02-02 01:00:00",0.8338,0.8338,0.8332,0.8332
"2022-02-02 02:00:00",0.8332,0.8336,0.8333,0.8329
"2022-02-02 03:00:00",0.8334,0.8343,0.8341,0.8333
"2022-02-02 04:00:00",0.8341,0.8342,0.8339,0.8333
"2022-02-02 05:00:00",0.8340,0.8351,0.8345,0.8340
"2022-02-02 06:00:00",0.8345,0.8347,0.8343,0.8341
"2022-02-02 07:00:00",0.8343,0.8347,0.8337,0.8338
"2022-02-02 08:00:00",0.8339,0.8343,0.8341,0.8336
"2022-02-02 09:00:00",0.8341,0.8344,0.8339,0.8337
"2022-02-02 10:00:00",0.8339,0.8339,0.8327,0.8325
"2022-02-02 11:00:00",0.8327,0.8332,0.8328,0.8326
"2022-02-02 12:00:00",0.8328,0.8332,0.8330,0.8327
"2022-02-02 13:00:00",0.8330,0.8335,0.8330,0.8328
"2022-02-02 14:00:00",0.8330,0.8331,0.8325,0.8324
"2022-02-02 15:00:00",0.8326,0.8331,0.8329,0.8325
"2022-02-02 16:00:00",0.8330,0.8331,0.8324,0.8324
"2022-02-02 17:00:00",0.8324,0.8327,0.8324,0.8323
"2022-02-02 18:00:00",0.8324,0.8330,0.8330,0.8326
"2022-02-02 19:00:00",0.8330,0.8331,0.8330,0.8328
"2022-02-02 20:00:00",0.8330,0.8332,0.8330,0.8329
"2022-02-02 21:00:00",0.8330,0.8337,0.8335,0.8330
"2022-02-02 22:00:00",0.8335,0.8338,0.8333,0.8333
"2022-02-02 23:00:00",0.8333,0.8335,0.8334,0.8333
"2022-02-03 00:00:00",0.8334,0.8338,0.8338,0.8334
"2022-02-03 01:00:00",0.8338,0.8339,0.8333,0.8331
"2022-02-03 02:00:00",0.8333,0.8335,0.8332,0.8328
"2022-02-03 03:00:00",0.8332,0.8338,0.8330,0.8329
"2022-02-03 04:00:00",0.8331,0.8334,0.8322,0.8323
"2022-02-03 05:00:00",0.8323,0.8329,0.8326,0.8320
"2022-02-03 06:00:00",0.8326,0.8327,0.8314,0.8314
"2022-02-03 07:00:00",0.8315,0.8327,0.8309,0.8288
"2022-02-03 08:00:00",0.8316,0.8369,0.8364,0.8307
"2022-02-03 09:00:00",0.8369,0.8385,0.8377,0.8369
"2022-02-03 10:00:00",0.8380,0.8396,0.8388,0.8375
"2022-02-03 11:00:00",0.8389,0.8408,0.8399,0.8385
"2022-02-03 12:00:00",0.8400,0.8416,0.8408,0.8398
"2022-02-03 13:00:00",0.8409,0.8411,0.8409,0.8400
"2022-02-03 14:00:00",0.8410,0.8416,0.8414,0.8409
"2022-02-03 15:00:00",0.8414,0.8414,0.8409,0.8408
"2022-02-03 16:00:00",0.8409,0.8411,0.8408,0.8407
"2022-02-03 17:00:00",0.8408,0.8411,0.8408,0.8403
"2022-02-03 18:00:00",0.8409,0.8412,0.8409,0.8408
"2022-02-03 19:00:00",0.8409,0.8411,0.8411,0.8406
"2022-02-03 20:00:00",0.8411,0.8418,0.8417,0.8411
"2022-02-03 21:00:00",0.8418,0.8422,0.8422,0.8416
"2022-02-03 22:00:00",0.8422,0.8424,0.8422,0.8422
"2022-02-03 23:00:00",0.8422,0.8431,0.8427,0.8421
"2022-02-04 00:00:00",0.8428,0.8431,0.8428,0.8427
"2022-02-04 01:00:00",0.8428,0.8436,0.8428,0.8428
"2022-02-04 02:00:00",0.8429,0.8444,0.8442,0.8427
"2022-02-04 03:00:00",0.8443,0.8444,0.8442,0.8423
"2022-02-04 04:00:00",0.8443,0.8449,0.8447,0.8435
"2022-02-04 05:00:00",0.8448,0.8467,0.8453,0.8448
"2022-02-04 06:00:00",0.8455,0.8462,0.8457,0.8450
"2022-02-04 07:00:00",0.8457,0.8461,0.8456,0.8452
"2022-02-04 08:00:00",0.8456,0.8466,0.8461,0.8453
"2022-02-04 09:00:00",0.8463,0.8470,0.8436,0.8437
"2022-02-04 10:00:00",0.8437,0.8460,0.8456,0.8438
"2022-02-04 11:00:00",0.8457,0.8463,0.8456,0.8449
"2022-02-04 12:00:00",0.8456,0.8467,0.8462,0.8459
"2022-02-04 13:00:00",0.8463,0.8466,0.8457,0.8456
"2022-02-04 14:00:00",0.8458,0.8463,0.8461,0.8457
"2022-02-04 15:00:00",0.8462,0.8467,0.8465,0.8460
"2022-02-04 16:00:00",0.8465,0.8467,0.8459,0.8459
"2022-02-06 17:00:00",0.8464,0.8468,0.8463,0.8454
"2022-02-06 18:00:00",0.8465,0.8467,0.8463,0.8462
"2022-02-06 19:00:00",0.8464,0.8465,0.8464,0.8463
"2022-02-06 20:00:00",0.8464,0.8464,0.8454,0.8453
"2022-02-06 21:00:00",0.8454,0.8454,0.8453,0.8449
"2022-02-06 22:00:00",0.8454,0.8454,0.8453,0.8451
"2022-02-06 23:00:00",0.8453,0.8456,0.8455,0.8453
"2022-02-07 00:00:00",0.8455,0.8457,0.8454,0.8454
"2022-02-07 01:00:00",0.8454,0.8456,0.8451,0.8451
"2022-02-07 02:00:00",0.8452,0.8452,0.8441,0.8440
"2022-02-07 03:00:00",0.8441,0.8458,0.8445,0.8439
"2022-02-07 04:00:00",0.8446,0.8451,0.8449,0.8439
"2022-02-07 05:00:00",0.8451,0.8463,0.8461,0.8450
"2022-02-07 06:00:00",0.8462,0.8470,0.8468,0.8457
"2022-02-07 07:00:00",0.8470,0.8478,0.8472,0.8467
"2022-02-07 08:00:00",0.8474,0.8474,0.8459,0.8459
"2022-02-07 09:00:00",0.8460,0.8463,0.8453,0.8453
"2022-02-07 10:00:00",0.8454,0.8463,0.8456,0.8452
"2022-02-07 11:00:00",0.8457,0.8460,0.8447,0.8443
"2022-02-07 12:00:00",0.8449,0.8452,0.8447,0.8446
"2022-02-07 13:00:00",0.8447,0.8451,0.8449,0.8445
"2022-02-07 14:00:00",0.8449,0.8454,0.8452,0.8448
"2022-02-07 15:00:00",0.8452,0.8455,0.8453,0.8450
"2022-02-07 16:00:00",0.8453,0.8454,0.8450,0.8450
"2022-02-07 17:00:00",0.8450,0.8455,0.8451,0.8448
"2022-02-07 18:00:00",0.8453,0.8454,0.8451,0.8449
"2022-02-07 19:00:00",0.8451,0.8454,0.8453,0.8449
"2022-02-07 20:00:00",0.8453,0.8457,0.8448,0.8448
"2022-02-07 21:00:00",0.8448,0.8450,0.8446,0.8446
"2022-02-07 22:00:00",0.8446,0.8446,0.8445,0.8444
"2022-02-07 23:00:00",0.8445,0.8448,0.8447,0.8444
"2022-02-08 00:00:00",0.8447,0.8451,0.8445,0.8445
"2022-02-08 01:00:00",0.8445,0.8447,0.8440,0.8441
"2022-02-08 02:00:00",0.8441,0.8442,0.8428,0.8428
"2022-02-08 03:00:00",0.8429,0.8432,0.8422,0.8422
"2022-02-08 04:00:00",0.8422,0.8424,0.8416,0.8413
"2022-02-08 05:00:00",0.8416,0.8431,0.8429,0.8415
"2022-02-08 06:00:00",0.8430,0.8436,0.8433,0.8426
"2022-02-08 07:00:00",0.8434,0.8441,0.8436,0.8430
"2022-02-08 08:00:00",0.8441,0.8441,0.8426,0.8426
"2022-02-08 09:00:00",0.8427,0.8433,0.8424,0.8423
"2022-02-08 10:00:00",0.8425,0.8428,0.8425,0.8419
"2022-02-08 11:00:00",0.8425,0.8426,0.8423,0.8421
"2022-02-08 12:00:00",0.8423,0.8436,0.8432,0.8423
"2022-02-08 13:00:00",0.8432,0.8432,0.8427,0.8421
"2022-02-08 14:00:00",0.8428,0.8430,0.8427,0.8427
"2022-02-08 15:00:00",0.8428,0.8430,0.8426,0.8425
"2022-02-08 16:00:00",0.8426,0.8429,0.8423,0.8423
"2022-02-08 17:00:00",0.8423,0.8431,0.8425,0.8423
"2022-02-08 18:00:00",0.8425,0.8430,0.8430,0.8426
"2022-02-08 19:00:00",0.8430,0.8430,0.8427,0.8425
"2022-02-08 20:00:00",0.8427,0.8428,0.8426,0.8425
"2022-02-08 21:00:00",0.8426,0.8429,0.8428,0.8426
"2022-02-08 22:00:00",0.8429,0.8430,0.8429,0.8426
"2022-02-08 23:00:00",0.8429,0.8429,0.8428,0.8426
"2022-02-09 00:00:00",0.8428,0.8428,0.8426,0.8426
"2022-02-09 01:00:00",0.8426,0.8427,0.8424,0.8423
"2022-02-09 02:00:00",0.8425,0.8427,0.8416,0.8416
"2022-02-09 03:00:00",0.8418,0.8426,0.8418,0.8416
"2022-02-09 04:00:00",0.8418,0.8425,0.8420,0.8416
"2022-02-09 05:00:00",0.8421,0.8424,0.8421,0.8413
"2022-02-09 06:00:00",0.8422,0.8428,0.8418,0.8418
"2022-02-09 07:00:00",0.8418,0.8425,0.8423,0.8417
"2022-02-09 08:00:00",0.8424,0.8430,0.8421,0.8421
"2022-02-09 09:00:00",0.8421,0.8433,0.8431,0.8421
"2022-02-09 10:00:00",0.8431,0.8441,0.8435,0.8432
"2022-02-09 11:00:00",0.8436,0.8445,0.8444,0.8434
"2022-02-09 12:00:00",0.8445,0.8450,0.8446,0.8439
"2022-02-09 13:00:00",0.8448,0.8449,0.8443,0.8443
"2022-02-09 14:00:00",0.8443,0.8446,0.8446,0.8441
"2022-02-09 15:00:00",0.8446,0.8446,0.8439,0.8438
"2022-02-09 16:00:00",0.8440,0.8441,0.8438,0.8438
"2022-02-09 17:00:00",0.8438,0.8440,0.8436,0.8435
"2022-02-09 18:00:00",0.8436,0.8440,0.8439,0.8437
"2022-02-09 19:00:00",0.8439,0.8440,0.8436,0.8436
"2022-02-09 20:00:00",0.8436,0.8440,0.8439,0.8436
"2022-02-09 21:00:00",0.8439,0.8444,0.8443,0.8439
"2022-02-09 22:00:00",0.8443,0.8446,0.8445,0.8442
"2022-02-09 23:00:00",0.8445,0.8446,0.8444,0.8443
"2022-02-10 00:00:00",0.8444,0.8445,0.8443,0.8443
"2022-02-10 01:00:00",0.8444,0.8444,0.8439,0.8438
"2022-02-10 02:00:00",0.8439,0.8442,0.8435,0.8436
"2022-02-10 03:00:00",0.8436,0.8439,0.8435,0.8430
"2022-02-10 04:00:00",0.8436,0.8439,0.8431,0.8430
"2022-02-10 05:00:00",0.8432,0.8436,0.8427,0.8424
"2022-02-10 06:00:00",0.8427,0.8433,0.8425,0.8425
"2022-02-10 07:00:00",0.8425,0.8428,0.8423,0.8422
"2022-02-10 08:00:00",0.8423,0.8427,0.8420,0.8415
"2022-02-10 09:00:00",0.8421,0.8422,0.8412,0.8411
"2022-02-10 10:00:00",0.8412,0.8426,0.8421,0.8412
"2022-02-10 11:00:00",0.8422,0.8432,0.8422,0.8419
"2022-02-10 12:00:00",0.8423,0.8426,0.8422,0.8418
"2022-02-10 13:00:00",0.8422,0.8429,0.8425,0.8421
"2022-02-10 14:00:00",0.8426,0.8436,0.8434,0.8426
"2022-02-10 15:00:00",0.8434,0.8439,0.8432,0.8432
"2022-02-10 16:00:00",0.8433,0.8434,0.8424,0.8422
"2022-02-10 17:00:00",0.8424,0.8428,0.8425,0.8423
"2022-02-10 18:00:00",0.8425,0.8426,0.8422,0.8416
"2022-02-10 19:00:00",0.8422,0.8423,0.8417,0.8413
"2022-02-10 20:00:00",0.8418,0.8418,0.8414,0.8413
"2022-02-10 21:00:00",0.8415,0.8416,0.8414,0.8412
"2022-02-10 22:00:00",0.8414,0.8417,0.8414,0.8414
"2022-02-10 23:00:00",0.8415,0.8415,0.8413,0.8407
"2022-02-11 00:00:00",0.8414,0.8416,0.8413,0.8413
"2022-02-11 01:00:00",0.8413,0.8417,0.8408,0.8408
"2022-02-11 02:00:00",0.8410,0.8415,0.8410,0.8406
"2022-02-11 03:00:00",0.8411,0.8416,0.8401,0.8393
"2022-02-11 04:00:00",0.8402,0.8404,0.8398,0.8395
"2022-02-11 05:00:00",0.8399,0.8404,0.8400,0.8397
"2022-02-11 06:00:00",0.8400,0.8403,0.8400,0.8397
"2022-02-11 07:00:00",0.8401,0.8401,0.8398,0.8395
"2022-02-11 08:00:00",0.8398,0.8401,0.8391,0.8391
"2022-02-11 09:00:00",0.8392,0.8397,0.8392,0.8384
"2022-02-11 10:00:00",0.8392,0.8394,0.8382,0.8379
"2022-02-11 11:00:00",0.8382,0.8387,0.8385,0.8379
"2022-02-11 12:00:00",0.8385,0.8386,0.8378,0.8378
"2022-02-11 13:00:00",0.8379,0.8383,0.8362,0.8360
"2022-02-11 14:00:00",0.8364,0.8374,0.8365,0.8363
"2022-02-11 15:00:00",0.8365,0.8375,0.8367,0.8364
"2022-02-11 16:00:00",0.8369,0.8373,0.8361,0.8363
"2022-02-13 17:00:00",0.8366,0.8372,0.8356,0.8358
"2022-02-13 18:00:00",0.8362,0.8376,0.8375,0.8364
"2022-02-13 19:00:00",0.8375,0.8378,0.8377,0.8373
"2022-02-13 20:00:00",0.8378,0.8379,0.8376,0.8375
"2022-02-13 21:00:00",0.8376,0.8378,0.8375,0.8375
"2022-02-13 22:00:00",0.8376,0.8381,0.8380,0.8376
"2022-02-13 23:00:00",0.8380,0.8380,0.8377,0.8376
"2022-02-14 00:00:00",0.8377,0.8379,0.8379,0.8376
"2022-02-14 01:00:00",0.8379,0.8381,0.8377,0.8375
"2022-02-14 02:00:00",0.8377,0.8385,0.8374,0.8373
"2022-02-14 03:00:00",0.8374,0.8387,0.8377,0.8372
"2022-02-14 04:00:00",0.8378,0.8383,0.8371,0.8371
"2022-02-14 05:00:00",0.8371,0.8371,0.8368,0.8361
"2022-02-14 06:00:00",0.8369,0.8370,0.8367,0.8362
"2022-02-14 07:00:00",0.8369,0.8376,0.8368,0.8365
"2022-02-14 08:00:00",0.8369,0.8374,0.8364,0.8364
"2022-02-14 09:00:00",0.8364,0.8368,0.8363,0.8360
"2022-02-14 10:00:00",0.8363,0.8371,0.8366,0.8353
"2022-02-14 11:00:00",0.8367,0.8369,0.8365,0.8355
"2022-02-14 12:00:00",0.8365,0.8365,0.8358,0.8357
"2022-02-14 13:00:00",0.8358,0.8359,0.8353,0.8352
"2022-02-14 14:00:00",0.8353,0.8355,0.8353,0.8347
"2022-02-14 15:00:00",0.8354,0.8356,0.8351,0.8351
"2022-02-14 16:00:00",0.8351,0.8356,0.8351,0.8350
"2022-02-14 17:00:00",0.8353,0.8355,0.8353,0.8351
"2022-02-14 18:00:00",0.8353,0.8355,0.8354,0.8352
"2022-02-14 19:00:00",0.8354,0.8357,0.8353,0.8353
"2022-02-14 20:00:00",0.8353,0.8356,0.8354,0.8351
"2022-02-14 21:00:00",0.8355,0.8361,0.8358,0.8354
"2022-02-14 22:00:00",0.8359,0.8362,0.8360,0.8358
"2022-02-14 23:00:00",0.8360,0.8361,0.8360,0.8359
"2022-02-15 00:00:00",0.8360,0.8365,0.8364,0.8360
"2022-02-15 01:00:00",0.8364,0.8368,0.8366,0.8361
"2022-02-15 02:00:00",0.8367,0.8368,0.8359,0.8359
"2022-02-15 03:00:00",0.8360,0.8369,0.8362,0.8358
"2022-02-15 04:00:00",0.8363,0.8372,0.8371,0.8366
"2022-02-15 05:00:00",0.8372,0.8375,0.8374,0.8368
"2022-02-15 06:00:00",0.8374,0.8382,0.8379,0.8371
"2022-02-15 07:00:00",0.8379,0.8385,0.8374,0.8370
"2022-02-15 08:00:00",0.8375,0.8386,0.8384,0.8375
"2022-02-15 09:00:00",0.8385,0.8395,0.8392,0.8380
"2022-02-15 10:00:00",0.8392,0.8400,0.8397,0.8388
"2022-02-15 11:00:00",0.8397,0.8399,0.8391,0.8391
"2022-02-15 12:00:00",0.8392,0.8394,0.8393,0.8390
"2022-02-15 13:00:00",0.8394,0.8396,0.8391,0.8391
"2022-02-15 14:00:00",0.8391,0.8395,0.8392,0.8390
"2022-02-15 15:00:00",0.8392,0.8395,0.8390,0.8389
"2022-02-15 16:00:00",0.8390,0.8391,0.8385,0.8386
"2022-02-15 17:00:00",0.8388,0.8391,0.8385,0.8384
"2022-02-15 18:00:00",0.8385,0.8388,0.8385,0.8385
"2022-02-15 19:00:00",0.8386,0.8387,0.8385,0.8384
"2022-02-15 20:00:00",0.8385,0.8385,0.8380,0.8380
"2022-02-15 21:00:00",0.8380,0.8380,0.8378,0.8377
"2022-02-15 22:00:00",0.8378,0.8380,0.8378,0.8378
"2022-02-15 23:00:00",0.8379,0.8380,0.8378,0.8378
"2022-02-16 00:00:00",0.8378,0.8380,0.8378,0.8377
"2022-02-16 01:00:00",0.8378,0.8384,0.8382,0.8378
"2022-02-16 02:00:00",0.8383,0.8394,0.8389,0.8380
"2022-02-16 03:00:00",0.8390,0.8402,0.8392,0.8388
"2022-02-16 04:00:00",0.8395,0.8395,0.8388,0.8385
"2022-02-16 05:00:00",0.8388,0.8395,0.8387,0.8385
"2022-02-16 06:00:00",0.8387,0.8398,0.8396,0.8384
"2022-02-16 07:00:00",0.8397,0.8398,0.8385,0.8385
"2022-02-16 08:00:00",0.8386,0.8395,0.8385,0.8382
"2022-02-16 09:00:00",0.8386,0.8387,0.8372,0.8369
"2022-02-16 10:00:00",0.8373,0.8377,0.8367,0.8365
"2022-02-16 11:00:00",0.8369,0.8379,0.8378,0.8369
"2022-02-16 12:00:00",0.8378,0.8379,0.8375,0.8374
"2022-02-16 13:00:00",0.8375,0.8380,0.8377,0.8372
"2022-02-16 14:00:00",0.8377,0.8381,0.8375,0.8375
"2022-02-16 15:00:00",0.8375,0.8377,0.8373,0.8373
"2022-02-16 16:00:00",0.8373,0.8374,0.8368,0.8368
"2022-02-16 17:00:00",0.8368,0.8374,0.8373,0.8367
"2022-02-16 18:00:00",0.8373,0.8377,0.8372,0.8371
"2022-02-16 19:00:00",0.8373,0.8377,0.8375,0.8371
"2022-02-16 20:00:00",0.8376,0.8376,0.8374,0.8374
"2022-02-16 21:00:00",0.8374,0.8377,0.8375,0.8374
"2022-02-16 22:00:00",0.8375,0.8376,0.8358,0.8358
"2022-02-16 23:00:00",0.8359,0.8364,0.8357,0.8353
"2022-02-17 00:00:00",0.8357,0.8362,0.8360,0.8358
"2022-02-17 01:00:00",0.8360,0.8367,0.8362,0.8360
"2022-02-17 02:00:00",0.8362,0.8369,0.8366,0.8358
"2022-02-17 03:00:00",0.8366,0.8373,0.8361,0.8358
"2022-02-17 04:00:00",0.8361,0.8362,0.8351,0.8347
"2022-02-17 05:00:00",0.8351,0.8358,0.8357,0.8350
"2022-02-17 06:00:00",0.8357,0.8358,0.8352,0.8345
"2022-02-17 07:00:00",0.8352,0.8358,0.8348,0.8347
"2022-02-17 08:00:00",0.8350,0.8352,0.8340,0.8339
"2022-02-17 09:00:00",0.8341,0.8349,0.8341,0.8335
"2022-02-17 10:00:00",0.8342,0.8349,0.8346,0.8339
"2022-02-17 11:00:00",0.8347,0.8349,0.8341,0.8341
"2022-02-17 12:00:00",0.8341,0.8342,0.8337,0.8336
"2022-02-17 13:00:00",0.8338,0.8339,0.8336,0.8334
"2022-02-17 14:00:00",0.8336,0.8342,0.8341,0.8335
"2022-02-17 15:00:00",0.8341,0.8343,0.8342,0.8340
"2022-02-17 16:00:00",0.8342,0.8345,0.8339,0.8339
"2022-02-17 17:00:00",0.8342,0.8348,0.8340,0.8334
"2022-02-17 18:00:00",0.8341,0.8348,0.8346,0.8343
"2022-02-17 19:00:00",0.8346,0.8349,0.8349,0.8345
"2022-02-17 20:00:00",0.8349,0.8354,0.8352,0.8348
"2022-02-17 21:00:00",0.8352,0.8356,0.8354,0.8352
"2022-02-17 22:00:00",0.8354,0.8354,0.8350,0.8350
"2022-02-17 23:00:00",0.8350,0.8352,0.8349,0.8349
"2022-02-18 00:00:00",0.8350,0.8352,0.8351,0.8349
"2022-02-18 01:00:00",0.8351,0.8354,0.8349,0.8348
"2022-02-18 02:00:00",0.8349,0.8351,0.8344,0.8343
"2022-02-18 03:00:00",0.8345,0.8349,0.8341,0.8338
"2022-02-18 04:00:00",0.8342,0.8347,0.8345,0.8341
"2022-02-18 05:00:00",0.8346,0.8350,0.8346,0.8342
"2022-02-18 06:00:00",0.8346,0.8347,0.8342,0.8336
"2022-02-18 07:00:00",0.8344,0.8346,0.8342,0.8342
"2022-02-18 08:00:00",0.8342,0.8346,0.8340,0.8340
"2022-02-18 09:00:00",0.8341,0.8345,0.8338,0.8334
"2022-02-18 10:00:00",0.8338,0.8350,0.8349,0.8338
"2022-02-18 11:00:00",0.8349,0.8350,0.8337,0.8336
"2022-02-18 12:00:00",0.8337,0.8338,0.8335,0.8332
"2022-02-18 13:00:00",0.8335,0.8338,0.8332,0.8332
"2022-02-18 14:00:00",0.8332,0.8335,0.8330,0.8330
"2022-02-18 15:00:00",0.8331,0.8331,0.8327,0.8327
"2022-02-18 16:00:00",0.8328,0.8330,0.8326,0.8326
"2022-02-20 17:00:00",0.8330,0.8330,0.8327,0.8325
"2022-02-20 18:00:00",0.8327,0.8328,0.8326,0.8325
"2022-02-20 19:00:00",0.8326,0.8332,0.8331,0.8325
"2022-02-20 20:00:00",0.8332,0.8341,0.8339,0.8330
"2022-02-20 21:00:00",0.8339,0.8341,0.8340,0.8339
"2022-02-20 22:00:00",0.8340,0.8344,0.8341,0.8340
"2022-02-20 23:00:00",0.8341,0.8343,0.8342,0.8341
"2022-02-21 00:00:00",0.8342,0.8344,0.8343,0.8340
"2022-02-21 01:00:00",0.8343,0.8347,0.8343,0.8343
"2022-02-21 02:00:00",0.8343,0.8349,0.8345,0.8343
"2022-02-21 03:00:00",0.8345,0.8351,0.8328,0.8329
"2022-02-21 04:00:00",0.8329,0.8338,0.8332,0.8327
"2022-02-21 05:00:00",0.8333,0.8337,0.8330,0.8331
"2022-02-21 06:00:00",0.8331,0.8338,0.8332,0.8329
"2022-02-21 07:00:00",0.8332,0.8335,0.8325,0.8325
"2022-02-21 08:00:00",0.8325,0.8330,0.8326,0.8325
"2022-02-21 09:00:00",0.8328,0.8332,0.8328,0.8324
"2022-02-21 10:00:00",0.8329,0.8334,0.8330,0.8324
"2022-02-21 11:00:00",0.8331,0.8336,0.8335,0.8329
"2022-02-21 12:00:00",0.8336,0.8337,0.8325,0.8325
"2022-02-21 13:00:00",0.8325,0.8330,0.8317,0.8317
"2022-02-21 14:00:00",0.8318,0.8320,0.8318,0.8312
"2022-02-21 15:00:00",0.8319,0.8319,0.8317,0.8316
"2022-02-21 16:00:00",0.8317,0.8320,0.8311,0.8311
"2022-02-21 17:00:00",0.8313,0.8316,0.8311,0.8311
"2022-02-21 18:00:00",0.8312,0.8319,0.8317,0.8311
"2022-02-21 19:00:00",0.8318,0.8325,0.8322,0.8318
"2022-02-21 20:00:00",0.8322,0.8324,0.8321,0.8320
"2022-02-21 21:00:00",0.8321,0.8323,0.8317,0.8316
"2022-02-21 22:00:00",0.8318,0.8318,0.8310,0.8311
"2022-02-21 23:00:00",0.8311,0.8316,0.8314,0.8311
"2022-02-22 00:00:00",0.8314,0.8317,0.8315,0.8314
"2022-02-22 01:00:00",0.8315,0.8321,0.8318,0.8313
"2022-02-22 02:00:00",0.8319,0.8329,0.8327,0.8315
"2022-02-22 03:00:00",0.8327,0.8341,0.8337,0.8329
"2022-02-22 04:00:00",0.8340,0.8341,0.8334,0.8331
"2022-02-22 05:00:00",0.8335,0.8375,0.8363,0.8337
"2022-02-22 06:00:00",0.8364,0.8371,0.8369,0.8358
"2022-02-22 07:00:00",0.8371,0.8383,0.8379,0.8367
"2022-02-22 08:00:00",0.8380,0.8381,0.8368,0.8364
"2022-02-22 09:00:00",0.8368,0.8378,0.8377,0.8366
"2022-02-22 10:00:00",0.8378,0.8379,0.8332,0.8333
"2022-02-22 11:00:00",0.8340,0.8347,0.8342,0.8336
"2022-02-22 12:00:00",0.8342,0.8343,0.8337,0.8335
"2022-02-22 13:00:00",0.8337,0.8340,0.8339,0.8335
"2022-02-22 14:00:00",0.8340,0.8344,0.8339,0.8338
"2022-02-22 15:00:00",0.8339,0.8344,0.8336,0.8336
"2022-02-22 16:00:00",0.8336,0.8339,0.8332,0.8332
"2022-02-22 17:00:00",0.8331,0.8337,0.8335,0.8331
"2022-02-22 18:00:00",0.8334,0.8337,0.8337,0.8335
"2022-02-22 19:00:00",0.8337,0.8338,0.8336,0.8336
"2022-02-22 20:00:00",0.8336,0.8337,0.8334,0.8331
"2022-02-22 21:00:00",0.8334,0.8336,0.8332,0.8331
"2022-02-22 22:00:00",0.8332,0.8333,0.8331,0.8331
"2022-02-22 23:00:00",0.8331,0.8332,0.8329,0.8329
"2022-02-23 00:00:00",0.8329,0.8333,0.8332,0.8330
"2022-02-23 01:00:00",0.8332,0.8334,0.8329,0.8329
"2022-02-23 02:00:00",0.8329,0.8338,0.8332,0.8325
"2022-02-23 03:00:00",0.8333,0.8340,0.8339,0.8326
"2022-02-23 04:00:00",0.8340,0.8349,0.8347,0.8332
"2022-02-23 05:00:00",0.8347,0.8354,0.8344,0.8341
"2022-02-23 06:00:00",0.8345,0.8349,0.8346,0.8333
"2022-02-23 07:00:00",0.8347,0.8350,0.8345,0.8344
"2022-02-23 08:00:00",0.8346,0.8348,0.8342,0.8340
"2022-02-23 09:00:00",0.8343,0.8349,0.8347,0.8342
"2022-02-23 10:00:00",0.8349,0.8354,0.8351,0.8346
"2022-02-23 11:00:00",0.8351,0.8351,0.8348,0.8344
"2022-02-23 12:00:00",0.8348,0.8348,0.8347,0.8343
"2022-02-23 13:00:00",0.8348,0.8348,0.8346,0.8343
"2022-02-23 14:00:00",0.8346,0.8353,0.8351,0.8347
"2022-02-23 15:00:00",0.8352,0.8353,0.8346,0.8346
"2022-02-23 16:00:00",0.8347,0.8347,0.8343,0.8344
"2022-02-23 17:00:00",0.8345,0.8347,0.8342,0.8341
"2022-02-23 18:00:00",0.8342,0.8346,0.8346,0.8342
"2022-02-23 19:00:00",0.8346,0.8347,0.8333,0.8333
"2022-02-23 20:00:00",0.8334,0.8341,0.8341,0.8335
"2022-02-23 21:00:00",0.8341,0.8341,0.8332,0.8331
"2022-02-23 22:00:00",0.8334,0.8336,0.8314,0.8315
"2022-02-23 23:00:00",0.8316,0.8326,0.8323,0.8306
"2022-02-24 00:00:00",0.8324,0.8326,0.8324,0.8315
"2022-02-24 01:00:00",0.8325,0.8330,0.8328,0.8322
"2022-02-24 02:00:00",0.8329,0.8352,0.8343,0.8331
"2022-02-24 03:00:00",0.8343,0.8353,0.8350,0.8339
"2022-02-24 04:00:00",0.8351,0.8359,0.8344,0.8344
"2022-02-24 05:00:00",0.8345,0.8345,0.8325,0.8319
"2022-02-24 06:00:00",0.8326,0.8346,0.8339,0.8327
"2022-02-24 07:00:00",0.8341,0.8344,0.8335,0.8330
"2022-02-24 08:00:00",0.8339,0.8358,0.8353,0.8340
"2022-02-24 09:00:00",0.8355,0.8361,0.8359,0.8350
"2022-02-24 10:00:00",0.8361,0.8378,0.8367,0.8357
"2022-02-24 11:00:00",0.8368,0.8374,0.8347,0.8343
"2022-02-24 12:00:00",0.8348,0.8357,0.8351,0.8344
"2022-02-24 13:00:00",0.8353,0.8366,0.8359,0.8349
"2022-02-24 14:00:00",0.8360,0.8367,0.8355,0.8356
"2022-02-24 15:00:00",0.8360,0.8375,0.8363,0.8357
"2022-02-24 16:00:00",0.8363,0.8370,0.8362,0.8362
"2022-02-24 17:00:00",0.8361,0.8372,0.8366,0.8361
"2022-02-24 18:00:00",0.8367,0.8370,0.8368,0.8366
"2022-02-24 19:00:00",0.8368,0.8373,0.8369,0.8365
"2022-02-24 20:00:00",0.8369,0.8370,0.8365,0.8363
"2022-02-24 21:00:00",0.8366,0.8368,0.8367,0.8362
"2022-02-24 22:00:00",0.8367,0.8368,0.8357,0.8357
"2022-02-24 23:00:00",0.8357,0.8359,0.8355,0.8354
"2022-02-25 00:00:00",0.8355,0.8357,0.8354,0.8353
"2022-02-25 01:00:00",0.8354,0.8357,0.8349,0.8349
"2022-02-25 02:00:00",0.8349,0.8362,0.8354,0.8346
"2022-02-25 03:00:00",0.8354,0.8358,0.8357,0.8348
"2022-02-25 04:00:00",0.8358,0.8360,0.8358,0.8347
"2022-02-25 05:00:00",0.8360,0.8360,0.8353,0.8350
"2022-02-25 06:00:00",0.8355,0.8357,0.8355,0.8348
"2022-02-25 07:00:00",0.8356,0.8378,0.8372,0.8355
"2022-02-25 08:00:00",0.8373,0.8390,0.8386,0.8371
"2022-02-25 09:00:00",0.8386,0.8406,0.8397,0.8383
"2022-02-25 10:00:00",0.8399,0.8402,0.8380,0.8381
"2022-02-25 11:00:00",0.8381,0.8401,0.8399,0.8381
"2022-02-25 12:00:00",0.8400,0.8401,0.8397,0.8394
"2022-02-25 13:00:00",0.8398,0.8404,0.8402,0.8396
"2022-02-25 14:00:00",0.8402,0.8403,0.8398,0.8396
"2022-02-25 15:00:00",0.8398,0.8403,0.8399,0.8396
"2022-02-25 16:00:00",0.8399,0.8405,0.8403,0.8398
"2022-02-27 17:00:00",0.8352,0.8366,0.8355,0.8349
"2022-02-27 18:00:00",0.8356,0.8369,0.8359,0.8353
"2022-02-27 19:00:00",0.8360,0.8369,0.8363,0.8362
"2022-02-27 20:00:00",0.8363,0.8364,0.8359,0.8355
"2022-02-27 21:00:00",0.8359,0.8360,0.8352,0.8351
"2022-02-27 22:00:00",0.8352,0.8356,0.8354,0.8348
"2022-02-27 23:00:00",0.8354,0.8355,0.8351,0.8349
"2022-02-28 00:00:00",0.8352,0.8353,0.8348,0.8347
"2022-02-28 01:00:00",0.8349,0.8354,0.8346,0.8345
"2022-02-28 02:00:00",0.8346,0.8372,0.8364,0.8342
"2022-02-28 03:00:00",0.8366,0.8370,0.8363,0.8358
"2022-02-28 04:00:00",0.8363,0.8364,0.8357,0.8350
"2022-02-28 05:00:00",0.8356,0.8376,0.8370,0.8353
"2022-02-28 06:00:00",0.8373,0.8373,0.8359,0.8352
"2022-02-28 07:00:00",0.8361,0.8365,0.8359,0.8352
"2022-02-28 08:00:00",0.8360,0.8366,0.8359,0.8346
"2022-02-28 09:00:00",0.8359,0.8371,0.8368,0.8359
"2022-02-28 10:00:00",0.8368,0.8373,0.8369,0.8355
"2022-02-28 11:00:00",0.8369,0.8382,0.8363,0.8363
"2022-02-28 12:00:00",0.8364,0.8369,0.8367,0.8359
"2022-02-28 13:00:00",0.8367,0.8368,0.8360,0.8359
"2022-02-28 14:00:00",0.8362,0.8366,0.8363,0.8361
"2022-02-28 15:00:00",0.8367,0.8367,0.8357,0.8357
"2022-02-28 16:00:00",0.8357,0.8360,0.8355,0.8353
"2022-02-28 17:00:00",0.8354,0.8362,0.8357,0.8352
"2022-02-28 18:00:00",0.8357,0.8360,0.8355,0.8355
"2022-02-28 19:00:00",0.8355,0.8357,0.8354,0.8352
"2022-02-28 20:00:00",0.8354,0.8356,0.8349,0.8348
"2022-02-28 21:00:00",0.8349,0.8349,0.8346,0.8345
"2022-02-28 22:00:00",0.8346,0.8352,0.8348,0.8346
"2022-02-28 23:00:00",0.8348,0.8350,0.8347,0.8347
"2022-03-01 00:00:00",0.8347,0.8351,0.8343,0.8343
"2022-03-01 01:00:00",0.8344,0.8349,0.8347,0.8343
"2022-03-01 02:00:00",0.8348,0.8365,0.8364,0.8346
"2022-03-01 03:00:00",0.8365,0.8367,0.8358,0.8353
"2022-03-01 04:00:00",0.8359,0.8360,0.8343,0.8340
"2022-03-01 05:00:00",0.8347,0.8349,0.8347,0.8336
"2022-03-01 06:00:00",0.8349,0.8349,0.8335,0.8328
"2022-03-01 07:00:00",0.8335,0.8336,0.8329,0.8327
"2022-03-01 08:00:00",0.8330,0.8333,0.8325,0.8321
"2022-03-01 09:00:00",0.8327,0.8329,0.8322,0.8316
"2022-03-01 10:00:00",0.8324,0.8345,0.8342,0.8323
"2022-03-01 11:00:00",0.8343,0.8347,0.8336,0.8331
"2022-03-01 12:00:00",0.8337,0.8350,0.8344,0.8333
"2022-03-01 13:00:00",0.8344,0.8356,0.8350,0.8342
"2022-03-01 14:00:00",0.8351,0.8357,0.8354,0.8348
"2022-03-01 15:00:00",0.8354,0.8358,0.8353,0.8352
"2022-03-01 16:00:00",0.8354,0.8354,0.8343,0.8343
"2022-03-01 17:00:00",0.8341,0.8348,0.8341,0.8340
"2022-03-01 18:00:00",0.8341,0.8351,0.8347,0.8344
"2022-03-01 19:00:00",0.8347,0.8352,0.8351,0.8346
"2022-03-01 20:00:00",0.8352,0.8352,0.8346,0.8345
"2022-03-01 21:00:00",0.8347,0.8349,0.8348,0.8343
"2022-03-01 22:00:00",0.8349,0.8352,0.8347,0.8348
"2022-03-01 23:00:00",0.8348,0.8355,0.8354,0.8348
"2022-03-02 00:00:00",0.8355,0.8357,0.8354,0.8353
"2022-03-02 01:00:00",0.8355,0.8356,0.8350,0.8349
"2022-03-02 02:00:00",0.8350,0.8360,0.8345,0.8345
"2022-03-02 03:00:00",0.8346,0.8349,0.8334,0.8334
"2022-03-02 04:00:00",0.8334,0.8337,0.8327,0.8324
"2022-03-02 05:00:00",0.8327,0.8335,0.8328,0.8322
"2022-03-02 06:00:00",0.8332,0.8338,0.8323,0.8319
"2022-03-02 07:00:00",0.8327,0.8340,0.8335,0.8326
"2022-03-02 08:00:00",0.8338,0.8338,0.8319,0.8319
"2022-03-02 09:00:00",0.8319,0.8319,0.8315,0.8306
"2022-03-02 10:00:00",0.8317,0.8320,0.8311,0.8300
"2022-03-02 11:00:00",0.8313,0.8333,0.8306,0.8307
"2022-03-02 12:00:00",0.8308,0.8311,0.8310,0.8295
"2022-03-02 13:00:00",0.8310,0.8318,0.8315,0.8308
"2022-03-02 14:00:00",0.8315,0.8320,0.8315,0.8313
"2022-03-02 15:00:00",0.8316,0.8317,0.8302,0.8303
"2022-03-02 16:00:00",0.8303,0.8304,0.8291,0.8292
"2022-03-02 17:00:00",0.8291,0.8297,0.8294,0.8288
"2022-03-02 18:00:00",0.8294,0.8297,0.8294,0.8293
"2022-03-02 19:00:00",0.8295,0.8296,0.8295,0.8292
"2022-03-02 20:00:00",0.8295,0.8296,0.8291,0.8290
"2022-03-02 21:00:00",0.8292,0.8293,0.8290,0.8288
"2022-03-02 22:00:00",0.8290,0.8292,0.8287,0.8286
"2022-03-02 23:00:00",0.8287,0.8288,0.8279,0.8279
"2022-03-03 00:00:00",0.8279,0.8282,0.8279,0.8278
"2022-03-03 01:00:00",0.8279,0.8282,0.8277,0.8276
"2022-03-03 02:00:00",0.8277,0.8287,0.8285,0.8276
"2022-03-03 03:00:00",0.8286,0.8289,0.8284,0.8279
"2022-03-03 04:00:00",0.8285,0.8290,0.8278,0.8278
"2022-03-03 05:00:00",0.8280,0.8288,0.8284,0.8277
"2022-03-03 06:00:00",0.8285,0.8296,0.8292,0.8281
"2022-03-03 07:00:00",0.8292,0.8292,0.8279,0.8279
"2022-03-03 08:00:00",0.8279,0.8287,0.8285,0.8275
"2022-03-03 09:00:00",0.8286,0.8294,0.8290,0.8280
"2022-03-03 10:00:00",0.8292,0.8294,0.8291,0.8282
"2022-03-03 11:00:00",0.8292,0.8300,0.8295,0.8278
"2022-03-03 12:00:00",0.8296,0.8296,0.8287,0.8284
"2022-03-03 13:00:00",0.8288,0.8294,0.8285,0.8285
"2022-03-03 14:00:00",0.8285,0.8293,0.8291,0.8283
"2022-03-03 15:00:00",0.8292,0.8294,0.8292,0.8290
"2022-03-03 16:00:00",0.8293,0.8294,0.8285,0.8285
"2022-03-03 17:00:00",0.8287,0.8292,0.8290,0.8286
"2022-03-03 18:00:00",0.8290,0.8292,0.8288,0.8288
"2022-03-03 19:00:00",0.8288,0.8290,0.8265,0.8264
"2022-03-03 20:00:00",0.8265,0.8279,0.8276,0.8264
"2022-03-03 21:00:00",0.8278,0.8279,0.8267,0.8267
"2022-03-03 22:00:00",0.8269,0.8269,0.8267,0.8264
"2022-03-03 23:00:00",0.8267,0.8270,0.8270,0.8267
"2022-03-04 00:00:00",0.8270,0.8271,0.8268,0.8266
"2022-03-04 01:00:00",0.8268,0.8268,0.8261,0.8261
"2022-03-04 02:00:00",0.8261,0.8266,0.8264,0.8261
"2022-03-04 03:00:00",0.8265,0.8276,0.8273,0.8265
"2022-03-04 04:00:00",0.8273,0.8284,0.8278,0.8272
"2022-03-04 05:00:00",0.8278,0.8282,0.8263,0.8263
"2022-03-04 06:00:00",0.8264,0.8267,0.8260,0.8260
"2022-03-04 07:00:00",0.8260,0.8263,0.8244,0.8244
"2022-03-04 08:00:00",0.8244,0.8247,0.8243,0.8232
"2022-03-04 09:00:00",0.8244,0.8257,0.8250,0.8239
"2022-03-04 10:00:00",0.8251,0.8264,0.8259,0.8248
"2022-03-04 11:00:00",0.8260,0.8264,0.8256,0.8253
"2022-03-04 12:00:00",0.8256,0.8263,0.8258,0.8254
"2022-03-04 13:00:00",0.8259,0.8262,0.8258,0.8253
"2022-03-04 14:00:00",0.8258,0.8259,0.8253,0.8253
"2022-03-04 15:00:00",0.8255,0.8256,0.8252,0.8251
"2022-03-04 16:00:00",0.8253,0.8261,0.8255,0.8251
"2022-03-06 17:00:00",0.8262,0.8263,0.8250,0.8250
"2022-03-06 18:00:00",0.8254,0.8254,0.8228,0.8225
"2022-03-06 19:00:00",0.8229,0.8234,0.8227,0.8227
"2022-03-06 20:00:00",0.8228,0.8230,0.8213,0.8204
"2022-03-06 21:00:00",0.8213,0.8220,0.8214,0.8212
"2022-03-06 22:00:00",0.8217,0.8234,0.8229,0.8216
"2022-03-06 23:00:00",0.8230,0.8232,0.8230,0.8225
"2022-03-07 00:00:00",0.8232,0.8233,0.8230,0.8227
"2022-03-07 01:00:00",0.8231,0.8240,0.8226,0.8226
"2022-03-07 02:00:00",0.8226,0.8239,0.8234,0.8228
"2022-03-07 03:00:00",0.8234,0.8255,0.8248,0.8235
"2022-03-07 04:00:00",0.8248,0.8253,0.8243,0.8242
"2022-03-07 05:00:00",0.8245,0.8245,0.8234,0.8222
"2022-03-07 06:00:00",0.8234,0.8249,0.8245,0.8232
"2022-03-07 07:00:00",0.8245,0.8271,0.8256,0.8239
"2022-03-07 08:00:00",0.8257,0.8274,0.8271,0.8259
"2022-03-07 09:00:00",0.8272,0.8284,0.8275,0.8272
"2022-03-07 10:00:00",0.8279,0.8282,0.8279,0.8271
"2022-03-07 11:00:00",0.8280,0.8288,0.8281,0.8272
"2022-03-07 12:00:00",0.8281,0.8298,0.8292,0.8280
"2022-03-07 13:00:00",0.8294,0.8305,0.8288,0.8289
"2022-03-07 14:00:00",0.8291,0.8298,0.8276,0.8278
"2022-03-07 15:00:00",0.8278,0.8293,0.8291,0.8278
"2022-03-07 16:00:00",0.8292,0.8292,0.8280,0.8280
"2022-03-07 17:00:00",0.8278,0.8281,0.8279,0.8277
"2022-03-07 18:00:00",0.8280,0.8286,0.8285,0.8280
"2022-03-07 19:00:00",0.8286,0.8287,0.8283,0.8280
"2022-03-07 20:00:00",0.8283,0.8287,0.8285,0.8279
"2022-03-07 21:00:00",0.8287,0.8290,0.8287,0.8286
"2022-03-07 22:00:00",0.8288,0.8289,0.8280,0.8280
"2022-03-07 23:00:00",0.8280,0.8282,0.8281,0.8279
"2022-03-08 00:00:00",0.8282,0.8285,0.8282,0.8281
"2022-03-08 01:00:00",0.8282,0.8288,0.8287,0.8281
"2022-03-08 02:00:00",0.8288,0.8303,0.8295,0.8291
"2022-03-08 03:00:00",0.8296,0.8325,0.8308,0.8295
"2022-03-08 04:00:00",0.8309,0.8313,0.8296,0.8293
"2022-03-08 05:00:00",0.8297,0.8307,0.8305,0.8282
"2022-03-08 06:00:00",0.8306,0.8313,0.8302,0.8301
"2022-03-08 07:00:00",0.8302,0.8324,0.8322,0.8306
"2022-03-08 08:00:00",0.8324,0.8329,0.8326,0.8315
"2022-03-08 09:00:00",0.8328,0.8331,0.8307,0.8307
"2022-03-08 10:00:00",0.8307,0.8309,0.8294,0.8284
"2022-03-08 11:00:00",0.8294,0.8313,0.8304,0.8297
"2022-03-08 12:00:00",0.8306,0.8347,0.8330,0.8305
"2022-03-08 13:00:00",0.8331,0.8340,0.8324,0.8319
"2022-03-08 14:00:00",0.8326,0.8327,0.8320,0.8317
"2022-03-08 15:00:00",0.8320,0.8326,0.8325,0.8318
"2022-03-08 16:00:00",0.8326,0.8327,0.8315,0.8316
"2022-03-08 17:00:00",0.8315,0.8320,0.8319,0.8315
"2022-03-08 18:00:00",0.8319,0.8321,0.8319,0.8318
"2022-03-08 19:00:00",0.8320,0.8324,0.8322,0.8317
"2022-03-08 20:00:00",0.8324,0.8327,0.8323,0.8323
"2022-03-08 21:00:00",0.8323,0.8326,0.8323,0.8321
"2022-03-08 22:00:00",0.8323,0.8325,0.8321,0.8320
"2022-03-08 23:00:00",0.8321,0.8322,0.8321,0.8318
"2022-03-09 00:00:00",0.8321,0.8326,0.8323,0.8320
"2022-03-09 01:00:00",0.8324,0.8327,0.8321,0.8321
"2022-03-09 02:00:00",0.8322,0.8327,0.8325,0.8319
"2022-03-09 03:00:00",0.8326,0.8339,0.8334,0.8323
"2022-03-09 04:00:00",0.8334,0.8347,0.8339,0.8330
"2022-03-09 05:00:00",0.8341,0.8349,0.8331,0.8331
"2022-03-09 06:00:00",0.8332,0.8345,0.8341,0.8318
"2022-03-09 07:00:00",0.8342,0.8354,0.8352,0.8335
"2022-03-09 08:00:00",0.8353,0.8369,0.8365,0.8351
"2022-03-09 09:00:00",0.8368,0.8389,0.8377,0.8367
"2022-03-09 10:00:00",0.8378,0.8396,0.8393,0.8365
"2022-03-09 11:00:00",0.8393,0.8417,0.8409,0.8395
"2022-03-09 12:00:00",0.8412,0.8417,0.8412,0.8404
"2022-03-09 13:00:00",0.8414,0.8416,0.8405,0.8400
"2022-03-09 14:00:00",0.8406,0.8411,0.8403,0.8403
"2022-03-09 15:00:00",0.8403,0.8406,0.8393,0.8393
"2022-03-09 16:00:00",0.8396,0.8401,0.8397,0.8393
"2022-03-09 17:00:00",0.8397,0.8398,0.8393,0.8393
"2022-03-09 18:00:00",0.8393,0.8405,0.8398,0.8396
"2022-03-09 19:00:00",0.8398,0.8398,0.8392,0.8390
"2022-03-09 20:00:00",0.8393,0.8401,0.8398,0.8390
"2022-03-09 21:00:00",0.8398,0.8403,0.8397,0.8397
"2022-03-09 22:00:00",0.8398,0.8400,0.8398,0.8395
"2022-03-09 23:00:00",0.8399,0.8399,0.8392,0.8392
"2022-03-10 00:00:00",0.8392,0.8395,0.8393,0.8391
"2022-03-10 01:00:00",0.8393,0.8394,0.8387,0.8387
"2022-03-10 02:00:00",0.8387,0.8393,0.8386,0.8386
"2022-03-10 03:00:00",0.8386,0.8398,0.8382,0.8382
"2022-03-10 04:00:00",0.8384,0.8405,0.8383,0.8384
"2022-03-10 05:00:00",0.8384,0.8398,0.8384,0.8382
"2022-03-10 06:00:00",0.8385,0.8395,0.8389,0.8381
"2022-03-10 07:00:00",0.8389,0.8436,0.8420,0.8378
"2022-03-10 08:00:00",0.8422,0.8426,0.8394,0.8392
"2022-03-10 09:00:00",0.8396,0.8401,0.8384,0.8380
"2022-03-10 10:00:00",0.8388,0.8397,0.8392,0.8368
"2022-03-10 11:00:00",0.8392,0.8398,0.8393,0.8386
"2022-03-10 12:00:00",0.8397,0.8398,0.8390,0.8383
"2022-03-10 13:00:00",0.8391,0.8392,0.8382,0.8381
"2022-03-10 14:00:00",0.8382,0.8389,0.8386,0.8380
"2022-03-10 15:00:00",0.8387,0.8393,0.8389,0.8386
"2022-03-10 16:00:00",0.8389,0.8399,0.8394,0.8389
"2022-03-10 17:00:00",0.8394,0.8397,0.8394,0.8390
"2022-03-10 18:00:00",0.8395,0.8405,0.8404,0.8393
"2022-03-10 19:00:00",0.8405,0.8409,0.8401,0.8402
"2022-03-10 20:00:00",0.8402,0.8405,0.8399,0.8393
"2022-03-10 21:00:00",0.8400,0.8405,0.8398,0.8398
"2022-03-10 22:00:00",0.8398,0.8406,0.8405,0.8398
"2022-03-10 23:00:00",0.8406,0.8411,0.8407,0.8404
"2022-03-11 00:00:00",0.8407,0.8415,0.8411,0.8407
"2022-03-11 01:00:00",0.8413,0.8415,0.8400,0.8400
"2022-03-11 02:00:00",0.8404,0.8404,0.8402,0.8399
"2022-03-11 03:00:00",0.8402,0.8411,0.8406,0.8389
"2022-03-11 04:00:00",0.8406,0.8406,0.8387,0.8388
"2022-03-11 05:00:00",0.8388,0.8396,0.8390,0.8388
"2022-03-11 06:00:00",0.8390,0.8419,0.8399,0.8386
"2022-03-11 07:00:00",0.8400,0.8411,0.8389,0.8390
"2022-03-11 08:00:00",0.8391,0.8405,0.8397,0.8392
"2022-03-11 09:00:00",0.8399,0.8401,0.8393,0.8391
"2022-03-11 10:00:00",0.8394,0.8394,0.8379,0.8368
"2022-03-11 11:00:00",0.8380,0.8382,0.8371,0.8370
"2022-03-11 12:00:00",0.8371,0.8376,0.8365,0.8365
"2022-03-11 13:00:00",0.8369,0.8371,0.8362,0.8360
"2022-03-11 14:00:00",0.8362,0.8369,0.8365,0.8361
"2022-03-11 15:00:00",0.8366,0.8372,0.8369,0.8367
"2022-03-11 16:00:00",0.8369,0.8376,0.8364,0.8365
"2022-03-13 16:00:00",0.8370,0.8375,0.8370,0.8367
"2022-03-13 17:00:00",0.8371,0.8385,0.8380,0.8369
"2022-03-13 18:00:00",0.8380,0.8380,0.8377,0.8376
"2022-03-13 19:00:00",0.8377,0.8382,0.8377,0.8374
"2022-03-13 20:00:00",0.8377,0.8382,0.8377,0.8375
"2022-03-13 21:00:00",0.8378,0.8385,0.8382,0.8376
"2022-03-13 22:00:00",0.8382,0.8385,0.8379,0.8379
"2022-03-13 23:00:00",0.8379,0.8383,0.8382,0.8378
"2022-03-14 00:00:00",0.8383,0.8387,0.8381,0.8381
"2022-03-14 01:00:00",0.8381,0.8388,0.8384,0.8380
"2022-03-14 02:00:00",0.8385,0.8389,0.8383,0.8378
"2022-03-14 03:00:00",0.8384,0.8401,0.8396,0.8382
"2022-03-14 04:00:00",0.8399,0.8424,0.8419,0.8394
"2022-03-14 05:00:00",0.8419,0.8421,0.8405,0.8405
"2022-03-14 06:00:00",0.8405,0.8413,0.8401,0.8401
"2022-03-14 07:00:00",0.8403,0.8403,0.8384,0.8376
"2022-03-14 08:00:00",0.8385,0.8392,0.8385,0.8381
"2022-03-14 09:00:00",0.8385,0.8405,0.8390,0.8386
"2022-03-14 10:00:00",0.8391,0.8417,0.8414,0.8392
"2022-03-14 11:00:00",0.8415,0.8420,0.8417,0.8411
"2022-03-14 12:00:00",0.8420,0.8425,0.8424,0.8414
"2022-03-14 13:00:00",0.8424,0.8429,0.8417,0.8417
"2022-03-14 14:00:00",0.8418,0.8425,0.8420,0.8416
"2022-03-14 15:00:00",0.8421,0.8421,0.8413,0.8413
"2022-03-14 16:00:00",0.8413,0.8417,0.8414,0.8412
"2022-03-14 17:00:00",0.8414,0.8418,0.8405,0.8406
"2022-03-14 18:00:00",0.8407,0.8413,0.8411,0.8404
"2022-03-14 19:00:00",0.8411,0.8417,0.8415,0.8412
"2022-03-14 20:00:00",0.8416,0.8422,0.8420,0.8413
"2022-03-14 21:00:00",0.8421,0.8426,0.8423,0.8420
"2022-03-14 22:00:00",0.8423,0.8424,0.8414,0.8414
"2022-03-14 23:00:00",0.8415,0.8422,0.8420,0.8414
"2022-03-15 00:00:00",0.8422,0.8422,0.8416,0.8415
"2022-03-15 01:00:00",0.8418,0.8423,0.8418,0.8416
"2022-03-15 02:00:00",0.8419,0.8446,0.8440,0.8418
"2022-03-15 03:00:00",0.8444,0.8455,0.8444,0.8437
"2022-03-15 04:00:00",0.8444,0.8447,0.8437,0.8430
"2022-03-15 05:00:00",0.8438,0.8440,0.8435,0.8430
"2022-03-15 06:00:00",0.8435,0.8436,0.8415,0.8411
"2022-03-15 07:00:00",0.8416,0.8419,0.8408,0.8408
"2022-03-15 08:00:00",0.8409,0.8415,0.8410,0.8400
"2022-03-15 09:00:00",0.8411,0.8413,0.8402,0.8401
"2022-03-15 10:00:00",0.8402,0.8407,0.8395,0.8391
"2022-03-15 11:00:00",0.8397,0.8400,0.8392,0.8387
"2022-03-15 12:00:00",0.8392,0.8392,0.8387,0.8386
"2022-03-15 13:00:00",0.8387,0.8395,0.8392,0.8386
"2022-03-15 14:00:00",0.8394,0.8399,0.8394,0.8393
"2022-03-15 15:00:00",0.8394,0.8399,0.8397,0.8391
"2022-03-15 16:00:00",0.8396,0.8401,0.8396,0.8386
"2022-03-15 17:00:00",0.8396,0.8406,0.8405,0.8398
"2022-03-15 18:00:00",0.8406,0.8410,0.8406,0.8402
"2022-03-15 19:00:00",0.8407,0.8409,0.8401,0.8401
"2022-03-15 20:00:00",0.8403,0.8406,0.8401,0.8400
"2022-03-15 21:00:00",0.8401,0.8408,0.8407,0.8400
"2022-03-15 22:00:00",0.8407,0.8407,0.8402,0.8402
"2022-03-15 23:00:00",0.8402,0.8404,0.8403,0.8401
"2022-03-16 00:00:00",0.8404,0.8406,0.8403,0.8401
"2022-03-16 01:00:00",0.8403,0.8412,0.8406,0.8404
"2022-03-16 02:00:00",0.8406,0.8411,0.8402,0.8401
"2022-03-16 03:00:00",0.8404,0.8424,0.8415,0.8402
"2022-03-16 04:00:00",0.8416,0.8420,0.8411,0.8403
"2022-03-16 05:00:00",0.8412,0.8429,0.8421,0.8413
"2022-03-16 06:00:00",0.8423,0.8426,0.8408,0.8406
"2022-03-16 07:00:00",0.8410,0.8413,0.8393,0.8393
"2022-03-16 08:00:00",0.8393,0.8407,0.8406,0.8395
"2022-03-16 09:00:00",0.8407,0.8418,0.8408,0.8401
"2022-03-16 10:00:00",0.8408,0.8410,0.8392,0.8388
"2022-03-16 11:00:00",0.8393,0.8402,0.8389,0.8389
"2022-03-16 12:00:00",0.8390,0.8397,0.8388,0.8389
"2022-03-16 13:00:00",0.8389,0.8400,0.8387,0.8384
"2022-03-16 14:00:00",0.8388,0.8399,0.8396,0.8384
"2022-03-16 15:00:00",0.8396,0.8399,0.8389,0.8389
"2022-03-16 16:00:00",0.8389,0.8391,0.8389,0.8387
"2022-03-16 17:00:00",0.8389,0.8391,0.8390,0.8383
"2022-03-16 18:00:00",0.8391,0.8392,0.8387,0.8386
"2022-03-16 19:00:00",0.8387,0.8399,0.8397,0.8387
"2022-03-16 20:00:00",0.8398,0.8402,0.8396,0.8396
"2022-03-16 21:00:00",0.8397,0.8398,0.8388,0.8386
"2022-03-16 22:00:00",0.8389,0.8391,0.8386,0.8385
"2022-03-16 23:00:00",0.8388,0.8390,0.8385,0.8384
"2022-03-17 00:00:00",0.8386,0.8387,0.8379,0.8378
"2022-03-17 01:00:00",0.8380,0.8386,0.8381,0.8377
"2022-03-17 02:00:00",0.8381,0.8385,0.8377,0.8376
"2022-03-17 03:00:00",0.8379,0.8395,0.8385,0.8380
"2022-03-17 04:00:00",0.8385,0.8391,0.8389,0.8379
"2022-03-17 05:00:00",0.8391,0.8391,0.8377,0.8372
"2022-03-17 06:00:00",0.8378,0.8381,0.8367,0.8368
"2022-03-17 07:00:00",0.8368,0.8438,0.8431,0.8399
"2022-03-17 08:00:00",0.8432,0.8446,0.8438,0.8427
"2022-03-17 09:00:00",0.8439,0.8454,0.8444,0.8439
"2022-03-17 10:00:00",0.8445,0.8451,0.8442,0.8440
"2022-03-17 11:00:00",0.8443,0.8452,0.8448,0.8442
"2022-03-17 12:00:00",0.8451,0.8458,0.8448,0.8448
"2022-03-17 13:00:00",0.8449,0.8450,0.8437,0.8437
"2022-03-17 14:00:00",0.8439,0.8440,0.8437,0.8437
"2022-03-17 15:00:00",0.8437,0.8439,0.8433,0.8433
"2022-03-17 16:00:00",0.8431,0.8435,0.8432,0.8432
"2022-03-17 17:00:00",0.8433,0.8437,0.8434,0.8431
"2022-03-17 18:00:00",0.8435,0.8436,0.8433,0.8430
"2022-03-17 19:00:00",0.8434,0.8437,0.8433,0.8429
"2022-03-17 20:00:00",0.8434,0.8435,0.8424,0.8423
"2022-03-17 21:00:00",0.8424,0.8427,0.8424,0.8423
"2022-03-17 22:00:00",0.8424,0.8426,0.8422,0.8422
"2022-03-17 23:00:00",0.8422,0.8425,0.8420,0.8420
"2022-03-18 00:00:00",0.8420,0.8421,0.8419,0.8419
"2022-03-18 01:00:00",0.8419,0.8426,0.8421,0.8417
"2022-03-18 02:00:00",0.8422,0.8428,0.8421,0.8420
"2022-03-18 03:00:00",0.8421,0.8424,0.8417,0.8414
"2022-03-18 04:00:00",0.8418,0.8426,0.8415,0.8415
"2022-03-18 05:00:00",0.8415,0.8416,0.8407,0.8402
"2022-03-18 06:00:00",0.8408,0.8412,0.8395,0.8395
"2022-03-18 07:00:00",0.8395,0.8401,0.8396,0.8392
"2022-03-18 08:00:00",0.8396,0.8400,0.8394,0.8389
"2022-03-18 09:00:00",0.8396,0.8398,0.8387,0.8387
"2022-03-18 10:00:00",0.8388,0.8392,0.8387,0.8384
"2022-03-18 11:00:00",0.8388,0.8402,0.8386,0.8386
"2022-03-18 12:00:00",0.8386,0.8391,0.8384,0.8382
"2022-03-18 13:00:00",0.8384,0.8386,0.8378,0.8377
"2022-03-18 14:00:00",0.8378,0.8386,0.8384,0.8379
"2022-03-18 15:00:00",0.8384,0.8386,0.8382,0.8381
"2022-03-20 16:00:00",0.8380,0.8388,0.8385,0.8380
"2022-03-20 17:00:00",0.8386,0.8391,0.8385,0.8382
"2022-03-20 18:00:00",0.8385,0.8391,0.8391,0.8385
"2022-03-20 19:00:00",0.8391,0.8395,0.8391,0.8390
"2022-03-20 20:00:00",0.8391,0.8394,0.8389,0.8387
"2022-03-20 21:00:00",0.8389,0.8395,0.8392,0.8390
"2022-03-20 22:00:00",0.8392,0.8395,0.8394,0.8393
"2022-03-20 23:00:00",0.8394,0.8395,0.8393,0.8393
"2022-03-21 00:00:00",0.8393,0.8395,0.8393,0.8391
"2022-03-21 01:00:00",0.8393,0.8395,0.8393,0.8390
"2022-03-21 02:00:00",0.8393,0.8404,0.8401,0.8392
"2022-03-21 03:00:00",0.8401,0.8409,0.8406,0.8396
"2022-03-21 04:00:00",0.8408,0.8416,0.8408,0.8407
"2022-03-21 05:00:00",0.8408,0.8411,0.8408,0.8404
"2022-03-21 06:00:00",0.8409,0.8409,0.8392,0.8393
"2022-03-21 07:00:00",0.8394,0.8402,0.8386,0.8387
"2022-03-21 08:00:00",0.8388,0.8389,0.8375,0.8371
"2022-03-21 09:00:00",0.8375,0.8375,0.8366,0.8365
"2022-03-21 10:00:00",0.8367,0.8372,0.8366,0.8364
"2022-03-21 11:00:00",0.8367,0.8371,0.8365,0.8361
"2022-03-21 12:00:00",0.8366,0.8372,0.8370,0.8362
"2022-03-21 13:00:00",0.8371,0.8372,0.8368,0.8367
"2022-03-21 14:00:00",0.8370,0.8372,0.8366,0.8366
"2022-03-21 15:00:00",0.8366,0.8370,0.8363,0.8363
"2022-03-21 16:00:00",0.8362,0.8370,0.8368,0.8360
"2022-03-21 17:00:00",0.8368,0.8373,0.8369,0.8366
"2022-03-21 18:00:00",0.8369,0.8370,0.8365,0.8365
"2022-03-21 19:00:00",0.8365,0.8367,0.8360,0.8360
"2022-03-21 20:00:00",0.8362,0.8365,0.8364,0.8360
"2022-03-21 21:00:00",0.8366,0.8366,0.8364,0.8362
"2022-03-21 22:00:00",0.8365,0.8367,0.8365,0.8364
"2022-03-21 23:00:00",0.8366,0.8371,0.8363,0.8361
"2022-03-22 00:00:00",0.8363,0.8372,0.8365,0.8363
"2022-03-22 01:00:00",0.8366,0.8368,0.8357,0.8357
"2022-03-22 02:00:00",0.8357,0.8358,0.8357,0.8350
"2022-03-22 03:00:00",0.8358,0.8364,0.8351,0.8345
"2022-03-22 04:00:00",0.8353,0.8355,0.8338,0.8337
"2022-03-22 05:00:00",0.8340,0.8341,0.8327,0.8326
"2022-03-22 06:00:00",0.8328,0.8330,0.8317,0.8314
"2022-03-22 07:00:00",0.8319,0.8333,0.8323,0.8319
"2022-03-22 08:00:00",0.8324,0.8327,0.8319,0.8310
"2022-03-22 09:00:00",0.8322,0.8329,0.8326,0.8320
"2022-03-22 10:00:00",0.8326,0.8332,0.8312,0.8311
"2022-03-22 11:00:00",0.8312,0.8316,0.8312,0.8309
"2022-03-22 12:00:00",0.8313,0.8320,0.8317,0.8312
"2022-03-22 13:00:00",0.8318,0.8319,0.8316,0.8315
"2022-03-22 14:00:00",0.8316,0.8319,0.8318,0.8315
"2022-03-22 15:00:00",0.8318,0.8320,0.8313,0.8313
"2022-03-22 16:00:00",0.8313,0.8316,0.8315,0.8311
"2022-03-22 17:00:00",0.8315,0.8323,0.8313,0.8313
"2022-03-22 18:00:00",0.8312,0.8316,0.8313,0.8313
"2022-03-22 19:00:00",0.8314,0.8314,0.8307,0.8305
"2022-03-22 20:00:00",0.8307,0.8308,0.8301,0.8301
"2022-03-22 21:00:00",0.8302,0.8304,0.8300,0.8296
"2022-03-22 22:00:00",0.8302,0.8304,0.8299,0.8300
"2022-03-22 23:00:00",0.8300,0.8304,0.8303,0.8299
"2022-03-23 00:00:00",0.8303,0.8308,0.8306,0.8301
"2022-03-23 01:00:00",0.8307,0.8313,0.8309,0.8307
"2022-03-23 02:00:00",0.8309,0.8316,0.8307,0.8306
"2022-03-23 03:00:00",0.8308,0.8334,0.8331,0.8310
"2022-03-23 04:00:00",0.8331,0.8332,0.8313,0.8312
"2022-03-23 05:00:00",0.8314,0.8325,0.8322,0.8314
"2022-03-23 06:00:00",0.8323,0.8327,0.8315,0.8313
"2022-03-23 07:00:00",0.8315,0.8337,0.8325,0.8318
"2022-03-23 08:00:00",0.8327,0.8330,0.8320,0.8315
"2022-03-23 09:00:00",0.8323,0.8331,0.8319,0.8315
"2022-03-23 10:00:00",0.8319,0.8330,0.8326,0.8317
"2022-03-23 11:00:00",0.8327,0.8338,0.8333,0.8327
"2022-03-23 12:00:00",0.8333,0.8336,0.8333,0.8328
"2022-03-23 13:00:00",0.8333,0.8337,0.8335,0.8331
"2022-03-23 14:00:00",0.8336,0.8337,0.8330,0.8331
"2022-03-23 15:00:00",0.8331,0.8336,0.8330,0.8330
"2022-03-23 16:00:00",0.8330,0.8343,0.8337,0.8332
"2022-03-23 17:00:00",0.8338,0.8338,0.8336,0.8330
"2022-03-23 18:00:00",0.8336,0.8336,0.8333,0.8333
"2022-03-23 19:00:00",0.8334,0.8337,0.8335,0.8333
"2022-03-23 20:00:00",0.8335,0.8336,0.8329,0.8329
"2022-03-23 21:00:00",0.8329,0.8330,0.8327,0.8326
"2022-03-23 22:00:00",0.8327,0.8329,0.8326,0.8325
"2022-03-23 23:00:00",0.8326,0.8329,0.8328,0.8326
"2022-03-24 00:00:00",0.8328,0.8331,0.8326,0.8325
"2022-03-24 01:00:00",0.8326,0.8330,0.8328,0.8320
"2022-03-24 02:00:00",0.8328,0.8329,0.8325,0.8317
"2022-03-24 03:00:00",0.8327,0.8342,0.8339,0.8323
"2022-03-24 04:00:00",0.8341,0.8349,0.8339,0.8339
"2022-03-24 05:00:00",0.8340,0.8344,0.8326,0.8324
"2022-03-24 06:00:00",0.8327,0.8332,0.8322,0.8322
"2022-03-24 07:00:00",0.8322,0.8325,0.8319,0.8319
"2022-03-24 08:00:00",0.8321,0.8331,0.8325,0.8320
"2022-03-24 09:00:00",0.8326,0.8338,0.8334,0.8328
"2022-03-24 10:00:00",0.8334,0.8350,0.8348,0.8333
"2022-03-24 11:00:00",0.8348,0.8350,0.8334,0.8334
"2022-03-24 12:00:00",0.8335,0.8349,0.8347,0.8334
"2022-03-24 13:00:00",0.8347,0.8348,0.8343,0.8343
"2022-03-24 14:00:00",0.8343,0.8346,0.8338,0.8338
"2022-03-24 15:00:00",0.8338,0.8343,0.8336,0.8337
"2022-03-24 16:00:00",0.8336,0.8340,0.8339,0.8334
"2022-03-24 17:00:00",0.8340,0.8343,0.8342,0.8340
"2022-03-24 18:00:00",0.8343,0.8344,0.8343,0.8341
"2022-03-24 19:00:00",0.8343,0.8348,0.8346,0.8342
"2022-03-24 20:00:00",0.8347,0.8353,0.8349,0.8345
"2022-03-24 21:00:00",0.8349,0.8353,0.8349,0.8350
"2022-03-24 22:00:00",0.8350,0.8352,0.8349,0.8348
"2022-03-24 23:00:00",0.8350,0.8351,0.8343,0.8343
"2022-03-25 00:00:00",0.8343,0.8345,0.8343,0.8342
"2022-03-25 01:00:00",0.8343,0.8346,0.8346,0.8341
"2022-03-25 02:00:00",0.8346,0.8360,0.8357,0.8347
"2022-03-25 03:00:00",0.8357,0.8370,0.8367,0.8355
"2022-03-25 04:00:00",0.8369,0.8369,0.8357,0.8353
"2022-03-25 05:00:00",0.8359,0.8360,0.8351,0.8350
"2022-03-25 06:00:00",0.8350,0.8356,0.8348,0.8346
"2022-03-25 07:00:00",0.8348,0.8349,0.8338,0.8337
"2022-03-25 08:00:00",0.8338,0.8354,0.8349,0.8336
"2022-03-25 09:00:00",0.8350,0.8355,0.8341,0.8333
"2022-03-25 10:00:00",0.8341,0.8348,0.8325,0.8325
"2022-03-25 11:00:00",0.8326,0.8334,0.8330,0.8324
"2022-03-25 12:00:00",0.8330,0.8334,0.8329,0.8327
"2022-03-25 13:00:00",0.8329,0.8334,0.8330,0.8326
"2022-03-25 14:00:00",0.8333,0.8335,0.8326,0.8326
"2022-03-25 15:00:00",0.8327,0.8333,0.8329,0.8327
"2022-03-27 17:00:00",0.8324,0.8333,0.8330,0.8325
"2022-03-27 18:00:00",0.8330,0.8337,0.8336,0.8327
"2022-03-27 20:00:00",0.8336,0.8339,0.8336,0.8334
"2022-03-27 21:00:00",0.8337,0.8338,0.8323,0.8323
"2022-03-27 22:00:00",0.8323,0.8331,0.8326,0.8323
"2022-03-27 23:00:00",0.8327,0.8329,0.8328,0.8324
"2022-03-28 00:00:00",0.8328,0.8332,0.8331,0.8324
"2022-03-28 01:00:00",0.8332,0.8335,0.8333,0.8329
"2022-03-28 02:00:00",0.8335,0.8342,0.8327,0.8327
"2022-03-28 03:00:00",0.8327,0.8332,0.8330,0.8322
"2022-03-28 04:00:00",0.8330,0.8355,0.8348,0.8329
"2022-03-28 05:00:00",0.8349,0.8368,0.8359,0.8348
"2022-03-28 06:00:00",0.8361,0.8361,0.8351,0.8346
"2022-03-28 07:00:00",0.8352,0.8368,0.8359,0.8353
"2022-03-28 08:00:00",0.8359,0.8368,0.8362,0.8357
"2022-03-28 09:00:00",0.8363,0.8387,0.8383,0.8358
"2022-03-28 10:00:00",0.8384,0.8397,0.8383,0.8381
"2022-03-28 11:00:00",0.8384,0.8386,0.8383,0.8380
"2022-03-28 12:00:00",0.8384,0.8399,0.8398,0.8384
"2022-03-28 13:00:00",0.8398,0.8400,0.8392,0.8392
"2022-03-28 14:00:00",0.8392,0.8393,0.8390,0.8387
"2022-03-28 15:00:00",0.8391,0.8392,0.8391,0.8387
"2022-03-28 16:00:00",0.8391,0.8393,0.8387,0.8387
"2022-03-28 17:00:00",0.8386,0.8390,0.8387,0.8385
"2022-03-28 18:00:00",0.8388,0.8392,0.8388,0.8387
"2022-03-28 19:00:00",0.8388,0.8392,0.8389,0.8389
"2022-03-28 20:00:00",0.8390,0.8393,0.8387,0.8385
"2022-03-28 21:00:00",0.8389,0.8389,0.8388,0.8386
"2022-03-28 22:00:00",0.8388,0.8392,0.8391,0.8388
"2022-03-28 23:00:00",0.8391,0.8393,0.8392,0.8389
"2022-03-29 00:00:00",0.8393,0.8394,0.8390,0.8390
"2022-03-29 01:00:00",0.8390,0.8391,0.8386,0.8387
"2022-03-29 02:00:00",0.8387,0.8402,0.8393,0.8386
"2022-03-29 03:00:00",0.8394,0.8406,0.8401,0.8396
"2022-03-29 04:00:00",0.8402,0.8412,0.8410,0.8393
"2022-03-29 05:00:00",0.8411,0.8438,0.8434,0.8406
"2022-03-29 06:00:00",0.8435,0.8441,0.8433,0.8428
"2022-03-29 07:00:00",0.8435,0.8451,0.8440,0.8432
"2022-03-29 08:00:00",0.8442,0.8458,0.8453,0.8437
"2022-03-29 09:00:00",0.8454,0.8476,0.8472,0.8450
"2022-03-29 10:00:00",0.8475,0.8475,0.8449,0.8440
"2022-03-29 11:00:00",0.8450,0.8462,0.8458,0.8448
"2022-03-29 12:00:00",0.8459,0.8471,0.8468,0.8456
"2022-03-29 13:00:00",0.8470,0.8482,0.8472,0.8469
"2022-03-29 14:00:00",0.8473,0.8475,0.8468,0.8468
"2022-03-29 15:00:00",0.8468,0.8470,0.8464,0.8463
"2022-03-29 16:00:00",0.8465,0.8469,0.8464,0.8463
"2022-03-29 17:00:00",0.8463,0.8466,0.8463,0.8460
"2022-03-29 18:00:00",0.8463,0.8470,0.8468,0.8464
"2022-03-29 19:00:00",0.8468,0.8471,0.8469,0.8466
"2022-03-29 20:00:00",0.8471,0.8472,0.8471,0.8467
"2022-03-29 21:00:00",0.8472,0.8481,0.8478,0.8472
"2022-03-29 22:00:00",0.8480,0.8481,0.8478,0.8478
"2022-03-29 23:00:00",0.8479,0.8482,0.8480,0.8477
"2022-03-30 00:00:00",0.8480,0.8484,0.8480,0.8479
"2022-03-30 01:00:00",0.8480,0.8481,0.8469,0.8466
"2022-03-30 02:00:00",0.8469,0.8472,0.8467,0.8465
"2022-03-30 03:00:00",0.8467,0.8484,0.8477,0.8474
"2022-03-30 04:00:00",0.8478,0.8490,0.8488,0.8471
"2022-03-30 05:00:00",0.8490,0.8492,0.8475,0.8475
"2022-03-30 06:00:00",0.8475,0.8476,0.8467,0.8462
"2022-03-30 07:00:00",0.8469,0.8472,0.8463,0.8463
"2022-03-30 08:00:00",0.8465,0.8465,0.8453,0.8452
"2022-03-30 09:00:00",0.8454,0.8475,0.8471,0.8454
"2022-03-30 10:00:00",0.8474,0.8478,0.8473,0.8469
"2022-03-30 11:00:00",0.8474,0.8490,0.8488,0.8473
"2022-03-30 12:00:00",0.8489,0.8492,0.8488,0.8481
"2022-03-30 13:00:00",0.8488,0.8494,0.8491,0.8486
"2022-03-30 14:00:00",0.8491,0.8497,0.8495,0.8491
"2022-03-30 15:00:00",0.8495,0.8496,0.8491,0.8491
"2022-03-30 16:00:00",0.8491,0.8496,0.8493,0.8490
"2022-03-30 17:00:00",0.8492,0.8496,0.8493,0.8493
"2022-03-30 18:00:00",0.8493,0.8498,0.8492,0.8492
"2022-03-30 19:00:00",0.8492,0.8497,0.8495,0.8492
"2022-03-30 20:00:00",0.8495,0.8505,0.8501,0.8495
"2022-03-30 21:00:00",0.8502,0.8510,0.8508,0.8504
"2022-03-30 22:00:00",0.8508,0.8511,0.8509,0.8507
"2022-03-30 23:00:00",0.8510,0.8512,0.8510,0.8509
"2022-03-31 00:00:00",0.8511,0.8511,0.8509,0.8509
"2022-03-31 01:00:00",0.8509,0.8511,0.8505,0.8505
"2022-03-31 02:00:00",0.8505,0.8507,0.8499,0.8493
"2022-03-31 03:00:00",0.8502,0.8507,0.8488,0.8488
"2022-03-31 04:00:00",0.8488,0.8489,0.8482,0.8474
"2022-03-31 05:00:00",0.8482,0.8483,0.8468,0.8468
"2022-03-31 06:00:00",0.8468,0.8468,0.8453,0.8450
"2022-03-31 07:00:00",0.8455,0.8464,0.8457,0.8448
"2022-03-31 08:00:00",0.8458,0.8463,0.8448,0.8449
"2022-03-31 09:00:00",0.8449,0.8455,0.8445,0.8435
"2022-03-31 10:00:00",0.8446,0.8454,0.8447,0.8433
"2022-03-31 11:00:00",0.8448,0.8451,0.8435,0.8435
"2022-03-31 12:00:00",0.8435,0.8436,0.8434,0.8430
"2022-03-31 13:00:00",0.8434,0.8437,0.8431,0.8431
"2022-03-31 14:00:00",0.8431,0.8431,0.8426,0.8425
"2022-03-31 15:00:00",0.8427,0.8428,0.8421,0.8420
"2022-03-31 16:00:00",0.8422,0.8424,0.8418,0.8419
"2022-03-31 17:00:00",0.8418,0.8422,0.8421,0.8417
"2022-03-31 18:00:00",0.8422,0.8423,0.8421,0.8419
"2022-03-31 19:00:00",0.8422,0.8423,0.8422,0.8420
"2022-03-31 20:00:00",0.8423,0.8425,0.8424,0.8420
"2022-03-31 21:00:00",0.8424,0.8430,0.8428,0.8423
"2022-03-31 22:00:00",0.8428,0.8432,0.8430,0.8426
"2022-03-31 23:00:00",0.8430,0.8431,0.8424,0.8424
"2022-04-01 00:00:00",0.8424,0.8427,0.8425,0.8424
"2022-04-01 01:00:00",0.8425,0.8429,0.8426,0.8425
"2022-04-01 02:00:00",0.8427,0.8439,0.8436,0.8420
"2022-04-01 03:00:00",0.8438,0.8441,0.8421,0.8420
"2022-04-01 04:00:00",0.8422,0.8438,0.8422,0.8421
"2022-04-01 05:00:00",0.8424,0.8424,0.8420,0.8412
"2022-04-01 06:00:00",0.8421,0.8422,0.8419,0.8412
"2022-04-01 07:00:00",0.8421,0.8422,0.8413,0.8408
"2022-04-01 08:00:00",0.8414,0.8430,0.8422,0.8413
"2022-04-01 09:00:00",0.8423,0.8435,0.8429,0.8422
"2022-04-01 10:00:00",0.8431,0.8435,0.8419,0.8418
"2022-04-01 11:00:00",0.8420,0.8426,0.8421,0.8417
"2022-04-01 12:00:00",0.8422,0.8427,0.8424,0.8421
"2022-04-01 13:00:00",0.8424,0.8432,0.8430,0.8423
"2022-04-01 14:00:00",0.8430,0.8431,0.8422,0.8422
"2022-04-01 15:00:00",0.8422,0.8424,0.8423,0.8421
"2022-04-01 16:00:00",0.8424,0.8429,0.8418,0.8418
"2022-04-03 17:00:00",0.8424,0.8426,0.8419,0.8419
"2022-04-03 18:00:00",0.8419,0.8428,0.8426,0.8419
"2022-04-03 19:00:00",0.8426,0.8429,0.8427,0.8425
"2022-04-03 20:00:00",0.8428,0.8431,0.8425,0.8424
"2022-04-03 21:00:00",0.8426,0.8427,0.8425,0.8424
"2022-04-03 22:00:00",0.8425,0.8429,0.8425,0.8425
"2022-04-03 23:00:00",0.8425,0.8426,0.8423,0.8422
"2022-04-04 00:00:00",0.8423,0.8423,0.8421,0.8421
"2022-04-04 01:00:00",0.8422,0.8422,0.8417,0.8417
"2022-04-04 02:00:00",0.8418,0.8419,0.8408,0.8407
"2022-04-04 03:00:00",0.8409,0.8410,0.8402,0.8401
"2022-04-04 04:00:00",0.8403,0.8413,0.8404,0.8401
"2022-04-04 05:00:00",0.8404,0.8407,0.8392,0.8393
"2022-04-04 06:00:00",0.8393,0.8402,0.8400,0.8390
"2022-04-04 07:00:00",0.8401,0.8402,0.8396,0.8394
"2022-04-04 08:00:00",0.8396,0.8398,0.8391,0.8387
"2022-04-04 09:00:00",0.8391,0.8394,0.8379,0.8377
"2022-04-04 10:00:00",0.8379,0.8385,0.8382,0.8366
"2022-04-04 11:00:00",0.8383,0.8388,0.8381,0.8378
"2022-04-04 12:00:00",0.8381,0.8382,0.8374,0.8374
"2022-04-04 13:00:00",0.8375,0.8377,0.8369,0.8369
"2022-04-04 14:00:00",0.8369,0.8372,0.8365,0.8362
"2022-04-04 15:00:00",0.8365,0.8367,0.8364,0.8362
"2022-04-04 16:00:00",0.8364,0.8367,0.8364,0.8364
"2022-04-04 17:00:00",0.8364,0.8369,0.8364,0.8362
"2022-04-04 18:00:00",0.8364,0.8369,0.8366,0.8366
"2022-04-04 19:00:00",0.8367,0.8369,0.8369,0.8366
"2022-04-04 20:00:00",0.8369,0.8373,0.8371,0.8368
"2022-04-04 21:00:00",0.8371,0.8371,0.8362,0.8361
"2022-04-04 22:00:00",0.8362,0.8364,0.8364,0.8361
"2022-04-04 23:00:00",0.8364,0.8367,0.8366,0.8363
"2022-04-05 00:00:00",0.8367,0.8367,0.8356,0.8355
"2022-04-05 01:00:00",0.8356,0.8357,0.8354,0.8353
"2022-04-05 02:00:00",0.8354,0.8362,0.8355,0.8353
"2022-04-05 03:00:00",0.8355,0.8368,0.8364,0.8353
"2022-04-05 04:00:00",0.8366,0.8367,0.8357,0.8352
"2022-04-05 05:00:00",0.8359,0.8362,0.8353,0.8353
"2022-04-05 06:00:00",0.8354,0.8358,0.8353,0.8348
"2022-04-05 07:00:00",0.8357,0.8360,0.8349,0.8349
"2022-04-05 08:00:00",0.8349,0.8351,0.8346,0.8343
"2022-04-05 09:00:00",0.8346,0.8347,0.8332,0.8332
"2022-04-05 10:00:00",0.8334,0.8339,0.8329,0.8329
"2022-04-05 11:00:00",0.8330,0.8337,0.8335,0.8328
"2022-04-05 12:00:00",0.8336,0.8341,0.8340,0.8334
"2022-04-05 13:00:00",0.8341,0.8341,0.8338,0.8338
"2022-04-05 14:00:00",0.8339,0.8344,0.8335,0.8335
"2022-04-05 15:00:00",0.8336,0.8342,0.8337,0.8335
"2022-04-05 16:00:00",0.8337,0.8343,0.8337,0.8338
"2022-04-05 17:00:00",0.8338,0.8340,0.8340,0.8326
"2022-04-05 18:00:00",0.8339,0.8341,0.8339,0.8338
"2022-04-05 19:00:00",0.8339,0.8341,0.8339,0.8339
"2022-04-05 20:00:00",0.8339,0.8340,0.8338,0.8336
"2022-04-05 21:00:00",0.8338,0.8341,0.8336,0.8335
"2022-04-05 22:00:00",0.8336,0.8337,0.8335,0.8333
"2022-04-05 23:00:00",0.8335,0.8339,0.8338,0.8336
"2022-04-06 00:00:00",0.8338,0.8340,0.8337,0.8337
"2022-04-06 01:00:00",0.8338,0.8338,0.8333,0.8333
"2022-04-06 02:00:00",0.8333,0.8339,0.8337,0.8331
"2022-04-06 03:00:00",0.8337,0.8340,0.8336,0.8332
"2022-04-06 04:00:00",0.8338,0.8342,0.8340,0.8329
"2022-04-06 05:00:00",0.8340,0.8341,0.8330,0.8326
"2022-04-06 06:00:00",0.8331,0.8341,0.8338,0.8329
"2022-04-06 07:00:00",0.8340,0.8348,0.8342,0.8341
"2022-04-06 08:00:00",0.8342,0.8353,0.8348,0.8344
"2022-04-06 09:00:00",0.8350,0.8353,0.8342,0.8343
"2022-04-06 10:00:00",0.8343,0.8349,0.8342,0.8342
"2022-04-06 11:00:00",0.8343,0.8344,0.8340,0.8337
"2022-04-06 12:00:00",0.8340,0.8343,0.8341,0.8337
"2022-04-06 13:00:00",0.8342,0.8343,0.8336,0.8336
"2022-04-06 14:00:00",0.8336,0.8342,0.8338,0.8334
"2022-04-06 15:00:00",0.8339,0.8340,0.8337,0.8337
"2022-04-06 16:00:00",0.8337,0.8339,0.8333,0.8333
"2022-04-06 17:00:00",0.8333,0.8339,0.8338,0.8333
"2022-04-06 18:00:00",0.8338,0.8339,0.8337,0.8334
"2022-04-06 19:00:00",0.8338,0.8339,0.8338,0.8337
"2022-04-06 20:00:00",0.8338,0.8345,0.8344,0.8337
"2022-04-06 21:00:00",0.8344,0.8345,0.8340,0.8340
"2022-04-06 22:00:00",0.8340,0.8342,0.8340,0.8338
"2022-04-06 23:00:00",0.8340,0.8341,0.8339,0.8339
"2022-04-07 00:00:00",0.8339,0.8344,0.8343,0.8340
"2022-04-07 01:00:00",0.8343,0.8344,0.8343,0.8342
"2022-04-07 02:00:00",0.8344,0.8350,0.8343,0.8340
"2022-04-07 03:00:00",0.8343,0.8343,0.8324,0.8317
"2022-04-07 04:00:00",0.8325,0.8327,0.8318,0.8314
"2022-04-07 05:00:00",0.8321,0.8328,0.8324,0.8317
"2022-04-07 06:00:00",0.8325,0.8336,0.8334,0.8324
"2022-04-07 07:00:00",0.8333,0.8344,0.8340,0.8328
"2022-04-07 08:00:00",0.8340,0.8355,0.8350,0.8339
"2022-04-07 09:00:00",0.8350,0.8364,0.8350,0.8348
"2022-04-07 10:00:00",0.8351,0.8353,0.8349,0.8342
"2022-04-07 11:00:00",0.8351,0.8356,0.8344,0.8344
"2022-04-07 12:00:00",0.8345,0.8346,0.8332,0.8332
"2022-04-07 13:00:00",0.8332,0.8333,0.8328,0.8326
"2022-04-07 14:00:00",0.8329,0.8330,0.8321,0.8322
"2022-04-07 15:00:00",0.8322,0.8323,0.8315,0.8315
"2022-04-07 16:00:00",0.8315,0.8322,0.8317,0.8315
"2022-04-07 17:00:00",0.8317,0.8321,0.8319,0.8315
"2022-04-07 18:00:00",0.8318,0.8322,0.8319,0.8319
"2022-04-07 19:00:00",0.8319,0.8319,0.8312,0.8312
"2022-04-07 20:00:00",0.8312,0.8315,0.8310,0.8310
"2022-04-07 21:00:00",0.8310,0.8313,0.8312,0.8309
"2022-04-07 22:00:00",0.8312,0.8313,0.8309,0.8308
"2022-04-07 23:00:00",0.8309,0.8312,0.8312,0.8308
"2022-04-08 00:00:00",0.8312,0.8312,0.8310,0.8310
"2022-04-08 01:00:00",0.8311,0.8314,0.8313,0.8309
"2022-04-08 02:00:00",0.8314,0.8328,0.8323,0.8314
"2022-04-08 03:00:00",0.8328,0.8334,0.8331,0.8324
"2022-04-08 04:00:00",0.8332,0.8336,0.8330,0.8326
"2022-04-08 05:00:00",0.8331,0.8340,0.8333,0.8331
"2022-04-08 06:00:00",0.8333,0.8348,0.8346,0.8329
"2022-04-08 07:00:00",0.8346,0.8347,0.8336,0.8336
"2022-04-08 08:00:00",0.8336,0.8347,0.8332,0.8332
"2022-04-08 09:00:00",0.8333,0.8349,0.8345,0.8333
"2022-04-08 10:00:00",0.8348,0.8362,0.8358,0.8342
"2022-04-08 11:00:00",0.8359,0.8361,0.8343,0.8344
"2022-04-08 12:00:00",0.8344,0.8347,0.8342,0.8340
"2022-04-08 13:00:00",0.8343,0.8347,0.8344,0.8342
"2022-04-08 14:00:00",0.8345,0.8349,0.8347,0.8343
"2022-04-08 15:00:00",0.8348,0.8348,0.8344,0.8343
"2022-04-08 16:00:00",0.8346,0.8346,0.8342,0.8341
